RowID,Status,Phase,Recipient,Log_Level,Log_Message,Attachment,RPA_Team_Emails,Business_Team_Emails,Email_Subject,Email_Body_Prefix,Email_Body_Suffix,Email_CC,Email_BCC,Process Cycle Code,Environment Details,Date Time,Parameters,Email_Body
2,Inactive,Initialization,RPA Team,Info,Configuration File Reading Started,N,Manik.Walia@Wonderbotz.com,Nisarg.Kadam@Wonderbotz.com,Configuration File Reading Started,"<p>Dear Team,<br /><br />Please find below Notification from <strong>InvoiceBotz Performer</strong>:<br /><br /><strong>Message</strong>: <strong>$Message<br /></strong><br /><strong>Process Cycle Code</strong>: $Process_Cycle_Code<br /><strong>MachineUser</strong>: $Machine_User<br /><strong>Date &amp; Time</strong>: $Date_Time</p>","<p><strong><br /><br /></strong><span style=""color: #999999;"">**This is an autogenerated email, please DO NOT REPLY.<br /><br /></span>Regards,<br />InvoiceBotz Team</p>",Kalyani.Raval@Wonderbotz.com,Manik.walia@Wonderbotz.com,Process Cycle Code,Environment Details,Date Time,,
3,Inactive,Initialization,RPA Team,Info,Configuration File Reading Completed,N,Manik.Walia@Wonderbotz.com,Nisarg.Kadam@Wonderbotz.com,Configuration File Reading Completed,"<p>Dear Team,<br /><br />Please find below Notification from <strong>InvoiceBotz Performer</strong>:<br /><br /><strong>Message</strong>: <strong>$Message<br /></strong><br /><strong>Process Cycle Code</strong>: $Process_Cycle_Code<br /><strong>MachineUser</strong>: $Machine_User<br /><strong>Date &amp; Time</strong>: $Date_Time</p>","<p><strong><br /><br /></strong><span style=""color: #999999;"">**This is an autogenerated email, please DO NOT REPLY.<br /><br /></span>Regards,<br />InvoiceBotz Team</p>",Kalyani.Raval@Wonderbotz.com,Manik.walia@Wonderbotz.com,Process Cycle Code,Environment Details,Date Time,,
4,Inactive,Initialization,RPA Team,Info,InvoiceBotz Performer Process Started,N,Manik.Walia@Wonderbotz.com,Nisarg.Kadam@Wonderbotz.com,InvoiceBotz Performer Process Started,"<p>Dear Team,<br /><br />Please find below Notification from <strong>InvoiceBotz Performer</strong>:<br /><br /><strong>Message</strong>: <strong>$Message<br /></strong><br /><strong>Process Cycle Code</strong>: $Process_Cycle_Code<br /><strong>MachineUser</strong>: $Machine_User<br /><strong>Date &amp; Time</strong>: $Date_Time</p>","<p><strong><br /><br /></strong><span style=""color: #999999;"">**This is an autogenerated email, please DO NOT REPLY.<br /><br /></span>Regards,<br />InvoiceBotz Team</p>",Kalyani.Raval@Wonderbotz.com,Manik.walia@Wonderbotz.com,Process Cycle Code,Environment Details,Date Time,,
5,Inactive,Initialization,RPA Team,Info,Kill All Process Started,N,Manik.Walia@Wonderbotz.com,Nisarg.Kadam@Wonderbotz.com,Kill All Process Started,"<p>Dear Team,<br /><br />Please find below Notification from <strong>InvoiceBotz Performer</strong>:<br /><br /><strong>Message</strong>: <strong>$Message<br /></strong><br /><strong>Process Cycle Code</strong>: $Process_Cycle_Code<br /><strong>MachineUser</strong>: $Machine_User<br /><strong>Date &amp; Time</strong>: $Date_Time</p>","<p><strong><br /><br /></strong><span style=""color: #999999;"">**This is an autogenerated email, please DO NOT REPLY.<br /><br /></span>Regards,<br />InvoiceBotz Team</p>",Kalyani.Raval@Wonderbotz.com,Manik.walia@Wonderbotz.com,Process Cycle Code,Environment Details,Date Time,,
6,Inactive,Initialization,RPA Team,Info,Kill All Process Completed,N,Manik.Walia@Wonderbotz.com,Nisarg.Kadam@Wonderbotz.com,Kill All Process Completed,"<p>Dear Team,<br /><br />Please find below Notification from <strong>InvoiceBotz Performer</strong>:<br /><br /><strong>Message</strong>: <strong>$Message<br /></strong><br /><strong>Process Cycle Code</strong>: $Process_Cycle_Code<br /><strong>MachineUser</strong>: $Machine_User<br /><strong>Date &amp; Time</strong>: $Date_Time</p>","<p><strong><br /><br /></strong><span style=""color: #999999;"">**This is an autogenerated email, please DO NOT REPLY.<br /><br /></span>Regards,<br />InvoiceBotz Team</p>",Kalyani.Raval@Wonderbotz.com,Manik.walia@Wonderbotz.com,Process Cycle Code,Environment Details,Date Time,,
7,Inactive,Initialization,RPA Team,Info,Initialize All Applications Started,N,Manik.Walia@Wonderbotz.com,Nisarg.Kadam@Wonderbotz.com,Initialize All Applications Started,"<p>Dear Team,<br /><br />Please find below Notification from <strong>InvoiceBotz Performer</strong>:<br /><br /><strong>Message</strong>: <strong>$Message<br /></strong><br /><strong>Process Cycle Code</strong>: $Process_Cycle_Code<br /><strong>MachineUser</strong>: $Machine_User<br /><strong>Date &amp; Time</strong>: $Date_Time</p>","<p><strong><br /><br /></strong><span style=""color: #999999;"">**This is an autogenerated email, please DO NOT REPLY.<br /><br /></span>Regards,<br />InvoiceBotz Team</p>",Kalyani.Raval@Wonderbotz.com,Manik.walia@Wonderbotz.com,Process Cycle Code,Environment Details,Date Time,", Invoice File ID (Active)",
8,Inactive,Initialization,RPA Team,Info,Initialize All Applications Completed,N,Manik.Walia@Wonderbotz.com,Nisarg.Kadam@Wonderbotz.com,Initialize All Applications Completed,"<p>Dear Team,<br /><br />Please find below Notification from <strong>InvoiceBotz Performer</strong>:<br /><br /><strong>Message</strong>: <strong>$Message<br /></strong><br /><strong>Process Cycle Code</strong>: $Process_Cycle_Code<br /><strong>MachineUser</strong>: $Machine_User<br /><strong>Date &amp; Time</strong>: $Date_Time</p>","<p><strong><br /><br /></strong><span style=""color: #999999;"">**This is an autogenerated email, please DO NOT REPLY.<br /><br /></span>Regards,<br />InvoiceBotz Team</p>",Kalyani.Raval@Wonderbotz.com,Manik.walia@Wonderbotz.com,Process Cycle Code,Environment Details,Date Time,,
9,Active,Initialization,Business Team,Fatal,System Exception at Initialization,Y,Manik.Walia@Wonderbotz.com,Nisarg.Kadam@Wonderbotz.com,System Exception at Initialization,"<p>Dear Team,<br /><br />Please find below Notification from <strong>InvoiceBotz Performer</strong>:<br /><br /><strong>Message</strong>: <strong>$Message<br /></strong><br /><strong>Process Cycle Code</strong>: $Process_Cycle_Code<br /><strong>MachineUser</strong>: $Machine_User<br /><strong>Date &amp; Time</strong>: $Date_Time</p>","<p><strong><br /><br /></strong><span style=""color: #999999;"">**This is an autogenerated email, please DO NOT REPLY.<br /><br /></span>Regards,<br />InvoiceBotz Team</p>",Kalyani.Raval@Wonderbotz.com,Manik.walia@Wonderbotz.com,Process Cycle Code,Environment Details,Date Time,,
10,Inactive,Preparing Configuration Files,RPA Team,Info,Preparing Configuration Files Started,N,Manik.Walia@Wonderbotz.com,Nisarg.Kadam@Wonderbotz.com,Preparing Configuration Files Started,"<p>Dear Team,<br /><br />Please find below Notification from <strong>InvoiceBotz Performer</strong>:<br /><br /><strong>Message</strong>: <strong>$Message<br /></strong><br /><strong>Process Cycle Code</strong>: $Process_Cycle_Code<br /><strong>MachineUser</strong>: $Machine_User<br /><strong>Date &amp; Time</strong>: $Date_Time</p>","<p><strong><br /><br /></strong><span style=""color: #999999;"">**This is an autogenerated email, please DO NOT REPLY.<br /><br /></span>Regards,<br />InvoiceBotz Team</p>",Kalyani.Raval@Wonderbotz.com,Manik.walia@Wonderbotz.com,Process Cycle Code,Environment Details,Date Time,,
11,Active,Preparing Configuration Files,Business Team,Info,Process Input - List of Invoice Files,Y,Manik.Walia@Wonderbotz.com,Nisarg.Kadam@Wonderbotz.com,Process Input - List of Invoice Files,"<p>Dear Team,<br /><br />Please find below Notification from <strong>InvoiceBotz Performer</strong>:<br /><br /><strong>Message</strong>: <strong>$Message<br /></strong><br /><strong>Process Cycle Code</strong>: $Process_Cycle_Code<br /><strong>MachineUser</strong>: $Machine_User<br /><strong>Date &amp; Time</strong>: $Date_Time</p>","<p><strong><br /><br /></strong><span style=""color: #999999;"">**This is an autogenerated email, please DO NOT REPLY.<br /><br /></span>Regards,<br />InvoiceBotz Team</p>",Kalyani.Raval@Wonderbotz.com,Manik.walia@Wonderbotz.com,Process Cycle Code,Environment Details,Date Time,,
12,Inactive,Preparing Configuration Files,RPA Team,Info,Preparing Configuration Files Completed,N,Manik.Walia@Wonderbotz.com,Nisarg.Kadam@Wonderbotz.com,Preparing Configuration Files Completed,"<p>Dear Team,<br /><br />Please find below Notification from <strong>InvoiceBotz Performer</strong>:<br /><br /><strong>Message</strong>: <strong>$Message<br /></strong><br /><strong>Process Cycle Code</strong>: $Process_Cycle_Code<br /><strong>MachineUser</strong>: $Machine_User<br /><strong>Date &amp; Time</strong>: $Date_Time</p>","<p><strong><br /><br /></strong><span style=""color: #999999;"">**This is an autogenerated email, please DO NOT REPLY.<br /><br /></span>Regards,<br />InvoiceBotz Team</p>",Kalyani.Raval@Wonderbotz.com,Manik.walia@Wonderbotz.com,Process Cycle Code,Environment Details,Date Time,,
13,Active,Preparing Configuration Files,Business Team,Fatal,System Exception at Prepare Transaction Data,Y,Manik.Walia@Wonderbotz.com,Nisarg.Kadam@Wonderbotz.com,System Exception at Prepare Transaction Data,"<p>Dear Team,<br /><br />Please find below Notification from <strong>InvoiceBotz Performer</strong>:<br /><br /><strong>Message</strong>: <strong>$Message<br /></strong><br /><strong>Process Cycle Code</strong>: $Process_Cycle_Code<br /><strong>MachineUser</strong>: $Machine_User<br /><strong>Date &amp; Time</strong>: $Date_Time</p>","<p><strong><br /><br /></strong><span style=""color: #999999;"">**This is an autogenerated email, please DO NOT REPLY.<br /><br /></span>Regards,<br />InvoiceBotz Team</p>",Kalyani.Raval@Wonderbotz.com,Manik.walia@Wonderbotz.com,Process Cycle Code,Environment Details,Date Time,,
14,Inactive,Get Transaction Data,RPA Team,Info,Retrieving Transaction Item : Extracted Invoice Data File From Orchestrator Queue Started,N,Manik.Walia@Wonderbotz.com,Nisarg.Kadam@Wonderbotz.com,Retrieving Transaction Item : Extracted Invoice Data File From Orchestrator Queue Started,"<p>Dear Team,<br /><br />Please find below Notification from <strong>InvoiceBotz Performer</strong>:<br /><br /><strong>Message</strong>: <strong>$Message<br /></strong><br /><strong>Process Cycle Code</strong>: $Process_Cycle_Code<br /><strong>MachineUser</strong>: $Machine_User<br /><strong>Date &amp; Time</strong>: $Date_Time</p>","<p><strong><br /><br /></strong><span style=""color: #999999;"">**This is an autogenerated email, please DO NOT REPLY.<br /><br /></span>Regards,<br />InvoiceBotz Team</p>",Kalyani.Raval@Wonderbotz.com,Manik.walia@Wonderbotz.com,Process Cycle Code,Environment Details,Date Time,,
15,Inactive,Get Transaction Data,RPA Team,Info,Retrieving Transaction Item : Extracted Invoice Data File From Orchestrator Queue Completed,N,Manik.Walia@Wonderbotz.com,Nisarg.Kadam@Wonderbotz.com,Retrieving Transaction Item : Extracted Invoice Data File From Orchestrator Queue Completed,"<p>Dear Team,<br /><br />Please find below Notification from <strong>InvoiceBotz Performer</strong>:<br /><br /><strong>Message</strong>: <strong>$Message<br /></strong><br /><strong>Process Cycle Code</strong>: $Process_Cycle_Code<br /><strong>MachineUser</strong>: $Machine_User<br /><strong>Date &amp; Time</strong>: $Date_Time</p>","<p><strong><br /><br /></strong><span style=""color: #999999;"">**This is an autogenerated email, please DO NOT REPLY.<br /><br /></span>Regards,<br />InvoiceBotz Team</p>",Kalyani.Raval@Wonderbotz.com,Manik.walia@Wonderbotz.com,Process Cycle Code,Environment Details,Date Time,", Invoice File ID (Active)",
16,Active,Get Transaction Data,Business Team,Fatal,System Exception at Get Transaction Data,Y,Manik.Walia@Wonderbotz.com,Nisarg.Kadam@Wonderbotz.com,System Exception at Get Transaction Data,"<p>Dear Team,<br /><br />Please find below Notification from <strong>InvoiceBotz Performer</strong>:<br /><br /><strong>Message</strong>: <strong>$Message<br /></strong><br /><strong>Process Cycle Code</strong>: $Process_Cycle_Code<br /><strong>MachineUser</strong>: $Machine_User<br /><strong>Date &amp; Time</strong>: $Date_Time</p>","<p><strong><br /><br /></strong><span style=""color: #999999;"">**This is an autogenerated email, please DO NOT REPLY.<br /><br /></span>Regards,<br />InvoiceBotz Team</p>",Kalyani.Raval@Wonderbotz.com,Manik.walia@Wonderbotz.com,Process Cycle Code,Environment Details,Date Time,", Invoice File ID (Active)",
17,Inactive,Process,RPA Team,Info,Each Invoice File Process Started,N,Manik.Walia@Wonderbotz.com,Nisarg.Kadam@Wonderbotz.com,Each Invoice File Process Started,"<p>Dear Team,<br /><br />Please find below Notification from <strong>InvoiceBotz Performer</strong>:<br /><br /><strong>Message</strong>: <strong>$Message<br /></strong><br /><strong>Process Cycle Code</strong>: $Process_Cycle_Code<br /><strong>MachineUser</strong>: $Machine_User<br /><strong>Date &amp; Time</strong>: $Date_Time</p>","<p><strong><br /><br /></strong><span style=""color: #999999;"">**This is an autogenerated email, please DO NOT REPLY.<br /><br /></span>Regards,<br />InvoiceBotz Team</p>",Kalyani.Raval@Wonderbotz.com,Manik.walia@Wonderbotz.com,Process Cycle Code,Environment Details,Date Time,,
18,Active,Process - DCR,RPA Team,Error,DCR Process Started,N,Manik.Walia@Wonderbotz.com,Nisarg.Kadam@Wonderbotz.com,DCR Process Started,"<p>Dear Team,<br /><br />Please find below Notification from <strong>InvoiceBotz Performer</strong>:<br /><br /><strong>Message</strong>: <strong>$Message<br /></strong><br /><strong>Process Cycle Code</strong>: $Process_Cycle_Code<br /><strong>MachineUser</strong>: $Machine_User<br /><strong>Date &amp; Time</strong>: $Date_Time</p>","<p><strong><br /><br /></strong><span style=""color: #999999;"">**This is an autogenerated email, please DO NOT REPLY.<br /><br /></span>Regards,<br />InvoiceBotz Team</p>",Kalyani.Raval@Wonderbotz.com,Manik.walia@Wonderbotz.com,Process Cycle Code,Environment Details,Date Time,"Extraction Result File Path (Active), Invoice File ID (Active)",
19,Inactive,Process - DCR - Read Extraction Result,RPA Team,Error,Reading Extraction Result File Started,N,Manik.Walia@Wonderbotz.com,Nisarg.Kadam@Wonderbotz.com,Reading Extraction Result File Started,"<p>Dear Team,<br /><br />Please find below Notification from <strong>InvoiceBotz Performer</strong>:<br /><br /><strong>Message</strong>: <strong>$Message<br /></strong><br /><strong>Process Cycle Code</strong>: $Process_Cycle_Code<br /><strong>MachineUser</strong>: $Machine_User<br /><strong>Date &amp; Time</strong>: $Date_Time</p>","<p><strong><br /><br /></strong><span style=""color: #999999;"">**This is an autogenerated email, please DO NOT REPLY.<br /><br /></span>Regards,<br />InvoiceBotz Team</p>",Kalyani.Raval@Wonderbotz.com,Manik.walia@Wonderbotz.com,Process Cycle Code,Environment Details,Date Time,"Extraction Result File Path (Active), Invoice File ID (Active)",
20,Inactive,Process - DCR - Read Extraction Result,RPA Team,Info,Extraction File to Data Table Conversion Started,N,Manik.Walia@Wonderbotz.com,Nisarg.Kadam@Wonderbotz.com,Extraction File to Data Table Conversion Started,"<p>Dear Team,<br /><br />Please find below Notification from <strong>InvoiceBotz Performer</strong>:<br /><br /><strong>Message</strong>: <strong>$Message<br /></strong><br /><strong>Process Cycle Code</strong>: $Process_Cycle_Code<br /><strong>MachineUser</strong>: $Machine_User<br /><strong>Date &amp; Time</strong>: $Date_Time</p>","<p><strong><br /><br /></strong><span style=""color: #999999;"">**This is an autogenerated email, please DO NOT REPLY.<br /><br /></span>Regards,<br />InvoiceBotz Team</p>",Kalyani.Raval@Wonderbotz.com,Manik.walia@Wonderbotz.com,Process Cycle Code,Environment Details,Date Time,"Extraction Result File Path (Active), Invoice File ID (Active)",
21,Inactive,Process - DCR - Read Extraction Result,RPA Team,Info,Extraction File to Data Table Conversion Completed,N,Manik.Walia@Wonderbotz.com,Nisarg.Kadam@Wonderbotz.com,Extraction File to Data Table Conversion Completed,"<p>Dear Team,<br /><br />Please find below Notification from <strong>InvoiceBotz Performer</strong>:<br /><br /><strong>Message</strong>: <strong>$Message<br /></strong><br /><strong>Process Cycle Code</strong>: $Process_Cycle_Code<br /><strong>MachineUser</strong>: $Machine_User<br /><strong>Date &amp; Time</strong>: $Date_Time</p>","<p><strong><br /><br /></strong><span style=""color: #999999;"">**This is an autogenerated email, please DO NOT REPLY.<br /><br /></span>Regards,<br />InvoiceBotz Team</p>",Kalyani.Raval@Wonderbotz.com,Manik.walia@Wonderbotz.com,Process Cycle Code,Environment Details,Date Time,"Extraction Result File Path (Active), Invoice File ID (Active)",
22,Active,Process - DCR - Read Extraction Result,Business Team,Fatal,System Exception at Reading Extraction Result,Y,Manik.Walia@Wonderbotz.com,Nisarg.Kadam@Wonderbotz.com,System Exception at Reading Extraction Result,"<p>Dear Team,<br /><br />Please find below Notification from <strong>InvoiceBotz Performer</strong>:<br /><br /><strong>Message</strong>: <strong>$Message<br /></strong><br /><strong>Process Cycle Code</strong>: $Process_Cycle_Code<br /><strong>MachineUser</strong>: $Machine_User<br /><strong>Date &amp; Time</strong>: $Date_Time</p>","<p><strong><br /><br /></strong><span style=""color: #999999;"">**This is an autogenerated email, please DO NOT REPLY.<br /><br /></span>Regards,<br />InvoiceBotz Team</p>",Kalyani.Raval@Wonderbotz.com,Manik.walia@Wonderbotz.com,Process Cycle Code,Environment Details,Date Time,,
23,Active,Process - DCR - Read Extraction Result,Business Team,Warn,Business Exception at Reading Extraction Result,Y,Manik.Walia@Wonderbotz.com,Nisarg.Kadam@Wonderbotz.com,Business Exception at Reading Extraction Result,"<p>Dear Team,<br /><br />Please find below Notification from <strong>InvoiceBotz Performer</strong>:<br /><br /><strong>Message</strong>: <strong>$Message<br /></strong><br /><strong>Process Cycle Code</strong>: $Process_Cycle_Code<br /><strong>MachineUser</strong>: $Machine_User<br /><strong>Date &amp; Time</strong>: $Date_Time</p>","<p><strong><br /><br /></strong><span style=""color: #999999;"">**This is an autogenerated email, please DO NOT REPLY.<br /><br /></span>Regards,<br />InvoiceBotz Team</p>",Kalyani.Raval@Wonderbotz.com,Manik.walia@Wonderbotz.com,Process Cycle Code,Environment Details,Date Time,,
24,Inactive,Process - DCR - Read Extraction Result,RPA Team,Error,Reading Extraction Result File Completed,N,Manik.Walia@Wonderbotz.com,Nisarg.Kadam@Wonderbotz.com,Reading Extraction Result File Completed,"<p>Dear Team,<br /><br />Please find below Notification from <strong>InvoiceBotz Performer</strong>:<br /><br /><strong>Message</strong>: <strong>$Message<br /></strong><br /><strong>Process Cycle Code</strong>: $Process_Cycle_Code<br /><strong>MachineUser</strong>: $Machine_User<br /><strong>Date &amp; Time</strong>: $Date_Time</p>","<p><strong><br /><br /></strong><span style=""color: #999999;"">**This is an autogenerated email, please DO NOT REPLY.<br /><br /></span>Regards,<br />InvoiceBotz Team</p>",Kalyani.Raval@Wonderbotz.com,Manik.walia@Wonderbotz.com,Process Cycle Code,Environment Details,Date Time,"Extraction Result File Path (Active), Invoice File ID (Active)",
25,Inactive,Process - DCR - Perform Field Mapping,RPA Team,Error,DCR Field Mapping Started,N,Manik.Walia@Wonderbotz.com,Nisarg.Kadam@Wonderbotz.com,DCR Field Mapping Started,"<p>Dear Team,<br /><br />Please find below Notification from <strong>InvoiceBotz Performer</strong>:<br /><br /><strong>Message</strong>: <strong>$Message<br /></strong><br /><strong>Process Cycle Code</strong>: $Process_Cycle_Code<br /><strong>MachineUser</strong>: $Machine_User<br /><strong>Date &amp; Time</strong>: $Date_Time</p>","<p><strong><br /><br /></strong><span style=""color: #999999;"">**This is an autogenerated email, please DO NOT REPLY.<br /><br /></span>Regards,<br />InvoiceBotz Team</p>",Kalyani.Raval@Wonderbotz.com,Manik.walia@Wonderbotz.com,Process Cycle Code,Environment Details,Date Time,", Invoice File ID (Active), Extraction Result File Path (Active)",
26,Inactive,Process - DCR - Perform Field Mapping,RPA Team,Info,DCR Field Mapping For Headers Started,N,Manik.Walia@Wonderbotz.com,Nisarg.Kadam@Wonderbotz.com,DCR Field Mapping For Headers Started,"<p>Dear Team,<br /><br />Please find below Notification from <strong>InvoiceBotz Performer</strong>:<br /><br /><strong>Message</strong>: <strong>$Message<br /></strong><br /><strong>Process Cycle Code</strong>: $Process_Cycle_Code<br /><strong>MachineUser</strong>: $Machine_User<br /><strong>Date &amp; Time</strong>: $Date_Time</p>","<p><strong><br /><br /></strong><span style=""color: #999999;"">**This is an autogenerated email, please DO NOT REPLY.<br /><br /></span>Regards,<br />InvoiceBotz Team</p>",Kalyani.Raval@Wonderbotz.com,Manik.walia@Wonderbotz.com,Process Cycle Code,Environment Details,Date Time,", Invoice File ID (Active), Extraction Result File Path (Active)",
27,Inactive,Process - DCR - Perform Field Mapping,RPA Team,Info,DCR Field Mapping For Headers Completed,N,Manik.Walia@Wonderbotz.com,Nisarg.Kadam@Wonderbotz.com,DCR Field Mapping For Headers Completed,"<p>Dear Team,<br /><br />Please find below Notification from <strong>InvoiceBotz Performer</strong>:<br /><br /><strong>Message</strong>: <strong>$Message<br /></strong><br /><strong>Process Cycle Code</strong>: $Process_Cycle_Code<br /><strong>MachineUser</strong>: $Machine_User<br /><strong>Date &amp; Time</strong>: $Date_Time</p>","<p><strong><br /><br /></strong><span style=""color: #999999;"">**This is an autogenerated email, please DO NOT REPLY.<br /><br /></span>Regards,<br />InvoiceBotz Team</p>",Kalyani.Raval@Wonderbotz.com,Manik.walia@Wonderbotz.com,Process Cycle Code,Environment Details,Date Time,", Invoice File ID (Active), Extraction Result File Path (Active)",
28,Inactive,Process - DCR - Perform Field Mapping,RPA Team,Info,DCR Field Mapping For Line Items Started,N,Manik.Walia@Wonderbotz.com,Nisarg.Kadam@Wonderbotz.com,DCR Field Mapping For Line Items Started,"<p>Dear Team,<br /><br />Please find below Notification from <strong>InvoiceBotz Performer</strong>:<br /><br /><strong>Message</strong>: <strong>$Message<br /></strong><br /><strong>Process Cycle Code</strong>: $Process_Cycle_Code<br /><strong>MachineUser</strong>: $Machine_User<br /><strong>Date &amp; Time</strong>: $Date_Time</p>","<p><strong><br /><br /></strong><span style=""color: #999999;"">**This is an autogenerated email, please DO NOT REPLY.<br /><br /></span>Regards,<br />InvoiceBotz Team</p>",Kalyani.Raval@Wonderbotz.com,Manik.walia@Wonderbotz.com,Process Cycle Code,Environment Details,Date Time,", Invoice File ID (Active), Extraction Result File Path (Active)",
29,Inactive,Process - DCR - Perform Field Mapping,RPA Team,Info,DCR Field Mapping For Line Items Completed,N,Manik.Walia@Wonderbotz.com,Nisarg.Kadam@Wonderbotz.com,DCR Field Mapping For Line Items Completed,"<p>Dear Team,<br /><br />Please find below Notification from <strong>InvoiceBotz Performer</strong>:<br /><br /><strong>Message</strong>: <strong>$Message<br /></strong><br /><strong>Process Cycle Code</strong>: $Process_Cycle_Code<br /><strong>MachineUser</strong>: $Machine_User<br /><strong>Date &amp; Time</strong>: $Date_Time</p>","<p><strong><br /><br /></strong><span style=""color: #999999;"">**This is an autogenerated email, please DO NOT REPLY.<br /><br /></span>Regards,<br />InvoiceBotz Team</p>",Kalyani.Raval@Wonderbotz.com,Manik.walia@Wonderbotz.com,Process Cycle Code,Environment Details,Date Time,", Invoice File ID (Active), Extraction Result File Path (Active)",
30,Inactive,Process - DCR - Perform Field Mapping,RPA Team,Info,Creating Invoice Generic Table Started,N,Manik.Walia@Wonderbotz.com,Nisarg.Kadam@Wonderbotz.com,Creating Invoice Generic Table Started,"<p>Dear Team,<br /><br />Please find below Notification from <strong>InvoiceBotz Performer</strong>:<br /><br /><strong>Message</strong>: <strong>$Message<br /></strong><br /><strong>Process Cycle Code</strong>: $Process_Cycle_Code<br /><strong>MachineUser</strong>: $Machine_User<br /><strong>Date &amp; Time</strong>: $Date_Time</p>","<p><strong><br /><br /></strong><span style=""color: #999999;"">**This is an autogenerated email, please DO NOT REPLY.<br /><br /></span>Regards,<br />InvoiceBotz Team</p>",Kalyani.Raval@Wonderbotz.com,Manik.walia@Wonderbotz.com,Process Cycle Code,Environment Details,Date Time,", Invoice File ID (Active), Extraction Result File Path (Active)",
31,Inactive,Process - DCR - Perform Field Mapping,RPA Team,Info,Creating Invoice Generic Table Completed,N,Manik.Walia@Wonderbotz.com,Nisarg.Kadam@Wonderbotz.com,Creating Invoice Generic Table Completed,"<p>Dear Team,<br /><br />Please find below Notification from <strong>InvoiceBotz Performer</strong>:<br /><br /><strong>Message</strong>: <strong>$Message<br /></strong><br /><strong>Process Cycle Code</strong>: $Process_Cycle_Code<br /><strong>MachineUser</strong>: $Machine_User<br /><strong>Date &amp; Time</strong>: $Date_Time</p>","<p><strong><br /><br /></strong><span style=""color: #999999;"">**This is an autogenerated email, please DO NOT REPLY.<br /><br /></span>Regards,<br />InvoiceBotz Team</p>",Kalyani.Raval@Wonderbotz.com,Manik.walia@Wonderbotz.com,Process Cycle Code,Environment Details,Date Time,", Invoice File ID (Active), Extraction Result File Path (Active)",
32,Inactive,Process - DCR - Perform Field Mapping,RPA Team,Info,Creating Invoice DCR Run Report File Started,N,Manik.Walia@Wonderbotz.com,Nisarg.Kadam@Wonderbotz.com,Creating Invoice DCR Run Report File Started,"<p>Dear Team,<br /><br />Please find below Notification from <strong>InvoiceBotz Performer</strong>:<br /><br /><strong>Message</strong>: <strong>$Message<br /></strong><br /><strong>Process Cycle Code</strong>: $Process_Cycle_Code<br /><strong>MachineUser</strong>: $Machine_User<br /><strong>Date &amp; Time</strong>: $Date_Time</p>","<p><strong><br /><br /></strong><span style=""color: #999999;"">**This is an autogenerated email, please DO NOT REPLY.<br /><br /></span>Regards,<br />InvoiceBotz Team</p>",Kalyani.Raval@Wonderbotz.com,Manik.walia@Wonderbotz.com,Process Cycle Code,Environment Details,Date Time,", Invoice File ID (Active), Extraction Result File Path (Active)",
33,Inactive,Process - DCR - Perform Field Mapping,RPA Team,Info,Creating Invoice DCR Run Report File Completed,N,Manik.Walia@Wonderbotz.com,Nisarg.Kadam@Wonderbotz.com,Creating Invoice DCR Run Report File Completed,"<p>Dear Team,<br /><br />Please find below Notification from <strong>InvoiceBotz Performer</strong>:<br /><br /><strong>Message</strong>: <strong>$Message<br /></strong><br /><strong>Process Cycle Code</strong>: $Process_Cycle_Code<br /><strong>MachineUser</strong>: $Machine_User<br /><strong>Date &amp; Time</strong>: $Date_Time</p>","<p><strong><br /><br /></strong><span style=""color: #999999;"">**This is an autogenerated email, please DO NOT REPLY.<br /><br /></span>Regards,<br />InvoiceBotz Team</p>",Kalyani.Raval@Wonderbotz.com,Manik.walia@Wonderbotz.com,Process Cycle Code,Environment Details,Date Time,", Invoice File ID (Active), Extraction Result File Path (Active)",
34,Active,Process - DCR - Perform Field Mapping,Business Team,Fatal,System Exception at DCR Field Mapping,Y,Manik.Walia@Wonderbotz.com,Nisarg.Kadam@Wonderbotz.com,System Exception at DCR Field Mapping,"<p>Dear Team,<br /><br />Please find below Notification from <strong>InvoiceBotz Performer</strong>:<br /><br /><strong>Message</strong>: <strong>$Message<br /></strong><br /><strong>Process Cycle Code</strong>: $Process_Cycle_Code<br /><strong>MachineUser</strong>: $Machine_User<br /><strong>Date &amp; Time</strong>: $Date_Time</p>","<p><strong><br /><br /></strong><span style=""color: #999999;"">**This is an autogenerated email, please DO NOT REPLY.<br /><br /></span>Regards,<br />InvoiceBotz Team</p>",Kalyani.Raval@Wonderbotz.com,Manik.walia@Wonderbotz.com,Process Cycle Code,Environment Details,Date Time,,
35,Active,Process - DCR - Perform Field Mapping,Business Team,Warn,Business Exception at DCR Field Mapping,Y,Manik.Walia@Wonderbotz.com,Nisarg.Kadam@Wonderbotz.com,Business Exception at DCR Field Mapping,"<p>Dear Team,<br /><br />Please find below Notification from <strong>InvoiceBotz Performer</strong>:<br /><br /><strong>Message</strong>: <strong>$Message<br /></strong><br /><strong>Process Cycle Code</strong>: $Process_Cycle_Code<br /><strong>MachineUser</strong>: $Machine_User<br /><strong>Date &amp; Time</strong>: $Date_Time</p>","<p><strong><br /><br /></strong><span style=""color: #999999;"">**This is an autogenerated email, please DO NOT REPLY.<br /><br /></span>Regards,<br />InvoiceBotz Team</p>",Kalyani.Raval@Wonderbotz.com,Manik.walia@Wonderbotz.com,Process Cycle Code,Environment Details,Date Time,,
36,Inactive,Process - DCR - Perform Field Mapping,RPA Team,Error,DCR Field Mapping Completed,N,Manik.Walia@Wonderbotz.com,Nisarg.Kadam@Wonderbotz.com,DCR Field Mapping Completed,"<p>Dear Team,<br /><br />Please find below Notification from <strong>InvoiceBotz Performer</strong>:<br /><br /><strong>Message</strong>: <strong>$Message<br /></strong><br /><strong>Process Cycle Code</strong>: $Process_Cycle_Code<br /><strong>MachineUser</strong>: $Machine_User<br /><strong>Date &amp; Time</strong>: $Date_Time</p>","<p><strong><br /><br /></strong><span style=""color: #999999;"">**This is an autogenerated email, please DO NOT REPLY.<br /><br /></span>Regards,<br />InvoiceBotz Team</p>",Kalyani.Raval@Wonderbotz.com,Manik.walia@Wonderbotz.com,Process Cycle Code,Environment Details,Date Time,", Invoice File ID (Active), Extraction Result File Path (Active)",
37,Inactive,Process - DCR - Invoice Generic Data Table Loop,RPA Team,Info,Executing Each Line From Invoice Generic Table Started,N,Manik.Walia@Wonderbotz.com,Nisarg.Kadam@Wonderbotz.com,Executing Each Line From Invoice Generic Table Started,"<p>Dear Team,<br /><br />Please find below Notification from <strong>InvoiceBotz Performer</strong>:<br /><br /><strong>Message</strong>: <strong>$Message<br /></strong><br /><strong>Process Cycle Code</strong>: $Process_Cycle_Code<br /><strong>MachineUser</strong>: $Machine_User<br /><strong>Date &amp; Time</strong>: $Date_Time</p>","<p><strong><br /><br /></strong><span style=""color: #999999;"">**This is an autogenerated email, please DO NOT REPLY.<br /><br /></span>Regards,<br />InvoiceBotz Team</p>",Kalyani.Raval@Wonderbotz.com,Manik.walia@Wonderbotz.com,Process Cycle Code,Environment Details,Date Time,", Invoice File ID (Active), Extraction Result File Path (Active)",
38,Inactive,Process - DCR - Invoice Generic Data Table Loop,RPA Team,Info,Executing Each Line From Invoice Generic Table Completed,N,Manik.Walia@Wonderbotz.com,Nisarg.Kadam@Wonderbotz.com,Executing Each Line From Invoice Generic Table Completed,"<p>Dear Team,<br /><br />Please find below Notification from <strong>InvoiceBotz Performer</strong>:<br /><br /><strong>Message</strong>: <strong>$Message<br /></strong><br /><strong>Process Cycle Code</strong>: $Process_Cycle_Code<br /><strong>MachineUser</strong>: $Machine_User<br /><strong>Date &amp; Time</strong>: $Date_Time</p>","<p><strong><br /><br /></strong><span style=""color: #999999;"">**This is an autogenerated email, please DO NOT REPLY.<br /><br /></span>Regards,<br />InvoiceBotz Team</p>",Kalyani.Raval@Wonderbotz.com,Manik.walia@Wonderbotz.com,Process Cycle Code,Environment Details,Date Time,", Invoice File ID (Active), Extraction Result File Path (Active)",
39,Active,Process - DCR - Invoice Generic Data Table Loop,Business Team,Fatal,System Exception at Executing Each Line From Invoice Generic Table,Y,Manik.Walia@Wonderbotz.com,Nisarg.Kadam@Wonderbotz.com,System Exception at Executing Each Line From Invoice Generic Table,"<p>Dear Team,<br /><br />Please find below Notification from <strong>InvoiceBotz Performer</strong>:<br /><br /><strong>Message</strong>: <strong>$Message<br /></strong><br /><strong>Process Cycle Code</strong>: $Process_Cycle_Code<br /><strong>MachineUser</strong>: $Machine_User<br /><strong>Date &amp; Time</strong>: $Date_Time</p>","<p><strong><br /><br /></strong><span style=""color: #999999;"">**This is an autogenerated email, please DO NOT REPLY.<br /><br /></span>Regards,<br />InvoiceBotz Team</p>",Kalyani.Raval@Wonderbotz.com,Manik.walia@Wonderbotz.com,Process Cycle Code,Environment Details,Date Time,,
40,Active,Process - DCR - Invoice Generic Data Table Loop,Business Team,Warn,Business Exception at Executing Each Line From Invoice Generic Table,Y,Manik.Walia@Wonderbotz.com,Nisarg.Kadam@Wonderbotz.com,Business Exception at Executing Each Line From Invoice Generic Table,"<p>Dear Team,<br /><br />Please find below Notification from <strong>InvoiceBotz Performer</strong>:<br /><br /><strong>Message</strong>: <strong>$Message<br /></strong><br /><strong>Process Cycle Code</strong>: $Process_Cycle_Code<br /><strong>MachineUser</strong>: $Machine_User<br /><strong>Date &amp; Time</strong>: $Date_Time</p>","<p><strong><br /><br /></strong><span style=""color: #999999;"">**This is an autogenerated email, please DO NOT REPLY.<br /><br /></span>Regards,<br />InvoiceBotz Team</p>",Kalyani.Raval@Wonderbotz.com,Manik.walia@Wonderbotz.com,Process Cycle Code,Environment Details,Date Time,,
41,Inactive,Process - DCR - Get DCR Field Parameters,RPA Team,Info,Executing Each Line Field From DCR Field Mapping Table Started,N,Manik.Walia@Wonderbotz.com,Nisarg.Kadam@Wonderbotz.com,Executing Each Line Field From DCR Field Mapping Table Started,"<p>Dear Team,<br /><br />Please find below Notification from <strong>InvoiceBotz Performer</strong>:<br /><br /><strong>Message</strong>: <strong>$Message<br /></strong><br /><strong>Process Cycle Code</strong>: $Process_Cycle_Code<br /><strong>MachineUser</strong>: $Machine_User<br /><strong>Date &amp; Time</strong>: $Date_Time</p>","<p><strong><br /><br /></strong><span style=""color: #999999;"">**This is an autogenerated email, please DO NOT REPLY.<br /><br /></span>Regards,<br />InvoiceBotz Team</p>",Kalyani.Raval@Wonderbotz.com,Manik.walia@Wonderbotz.com,Process Cycle Code,Environment Details,Date Time,", Invoice File ID (Active), Extraction Result File Path (Active), Field Name (Active), Category Group Name (Active), Global Data Location (Active), Field Value (Active), Test Name (Active), Test Sequence (Active), Test Type (Active), Pattern Value (Active), Test Result (Active), Action Name (Active), Next Rule (Active), Next Sequence (Active), Field Value New (Active)",
42,Inactive,Process - DCR - Get DCR Field Parameters,RPA Team,Info,Getting Field Name - Category Group Name - Global Data Location Started,N,Manik.Walia@Wonderbotz.com,Nisarg.Kadam@Wonderbotz.com,Getting Field Name - Category Group Name - Global Data Location Started,"<p>Dear Team,<br /><br />Please find below Notification from <strong>InvoiceBotz Performer</strong>:<br /><br /><strong>Message</strong>: <strong>$Message<br /></strong><br /><strong>Process Cycle Code</strong>: $Process_Cycle_Code<br /><strong>MachineUser</strong>: $Machine_User<br /><strong>Date &amp; Time</strong>: $Date_Time</p>","<p><strong><br /><br /></strong><span style=""color: #999999;"">**This is an autogenerated email, please DO NOT REPLY.<br /><br /></span>Regards,<br />InvoiceBotz Team</p>",Kalyani.Raval@Wonderbotz.com,Manik.walia@Wonderbotz.com,Process Cycle Code,Environment Details,Date Time,", Invoice File ID (Active), Extraction Result File Path (Active), Field Name (Active), Category Group Name (Active), Global Data Location (Active), Field Value (Active), Test Name (Active), Test Sequence (Active), Test Type (Active), Pattern Value (Active), Test Result (Active), Action Name (Active), Next Rule (Active), Next Sequence (Active), Field Value New (Active)",
43,Inactive,Process - DCR - Get DCR Field Parameters,RPA Team,Info,Getting Field Name - Category Group Name - Global Data Location Completed,N,Manik.Walia@Wonderbotz.com,Nisarg.Kadam@Wonderbotz.com,Getting Field Name - Category Group Name - Global Data Location Completed,"<p>Dear Team,<br /><br />Please find below Notification from <strong>InvoiceBotz Performer</strong>:<br /><br /><strong>Message</strong>: <strong>$Message<br /></strong><br /><strong>Process Cycle Code</strong>: $Process_Cycle_Code<br /><strong>MachineUser</strong>: $Machine_User<br /><strong>Date &amp; Time</strong>: $Date_Time</p>","<p><strong><br /><br /></strong><span style=""color: #999999;"">**This is an autogenerated email, please DO NOT REPLY.<br /><br /></span>Regards,<br />InvoiceBotz Team</p>",Kalyani.Raval@Wonderbotz.com,Manik.walia@Wonderbotz.com,Process Cycle Code,Environment Details,Date Time,", Invoice File ID (Active), Extraction Result File Path (Active), Field Name (Active), Category Group Name (Active), Global Data Location (Active), Field Value (Active), Test Name (Active), Test Sequence (Active), Test Type (Active), Pattern Value (Active), Test Result (Active), Action Name (Active), Next Rule (Active), Next Sequence (Active), Field Value New (Active)",
44,Inactive,Process - DCR - Get DCR Field Parameters,RPA Team,Info,Getting Test List From DCR Data Rule Mapping Table Started,N,Manik.Walia@Wonderbotz.com,Nisarg.Kadam@Wonderbotz.com,Getting Test List From DCR Data Rule Mapping Table Started,"<p>Dear Team,<br /><br />Please find below Notification from <strong>InvoiceBotz Performer</strong>:<br /><br /><strong>Message</strong>: <strong>$Message<br /></strong><br /><strong>Process Cycle Code</strong>: $Process_Cycle_Code<br /><strong>MachineUser</strong>: $Machine_User<br /><strong>Date &amp; Time</strong>: $Date_Time</p>","<p><strong><br /><br /></strong><span style=""color: #999999;"">**This is an autogenerated email, please DO NOT REPLY.<br /><br /></span>Regards,<br />InvoiceBotz Team</p>",Kalyani.Raval@Wonderbotz.com,Manik.walia@Wonderbotz.com,Process Cycle Code,Environment Details,Date Time,", Invoice File ID (Active), Extraction Result File Path (Active), Field Name (Active), Category Group Name (Active), Global Data Location (Active), Field Value (Active), Test Name (Active), Test Sequence (Active), Test Type (Active), Pattern Value (Active), Test Result (Active), Action Name (Active), Next Rule (Active), Next Sequence (Active), Field Value New (Active)",
45,Inactive,Process - DCR - Get DCR Field Parameters,RPA Team,Info,Getting Test List From DCR Data Rule Mapping Table Completed,N,Manik.Walia@Wonderbotz.com,Nisarg.Kadam@Wonderbotz.com,Getting Test List From DCR Data Rule Mapping Table Completed,"<p>Dear Team,<br /><br />Please find below Notification from <strong>InvoiceBotz Performer</strong>:<br /><br /><strong>Message</strong>: <strong>$Message<br /></strong><br /><strong>Process Cycle Code</strong>: $Process_Cycle_Code<br /><strong>MachineUser</strong>: $Machine_User<br /><strong>Date &amp; Time</strong>: $Date_Time</p>","<p><strong><br /><br /></strong><span style=""color: #999999;"">**This is an autogenerated email, please DO NOT REPLY.<br /><br /></span>Regards,<br />InvoiceBotz Team</p>",Kalyani.Raval@Wonderbotz.com,Manik.walia@Wonderbotz.com,Process Cycle Code,Environment Details,Date Time,", Invoice File ID (Active), Extraction Result File Path (Active), Field Name (Active), Category Group Name (Active), Global Data Location (Active), Field Value (Active), Test Name (Active), Test Sequence (Active), Test Type (Active), Pattern Value (Active), Test Result (Active), Action Name (Active), Next Rule (Active), Next Sequence (Active), Field Value New (Active)",
46,Inactive,Process - DCR - Get DCR Field Parameters,RPA Team,Info,Field Value Assigned,N,Manik.Walia@Wonderbotz.com,Nisarg.Kadam@Wonderbotz.com,Field Value Assigned,"<p>Dear Team,<br /><br />Please find below Notification from <strong>InvoiceBotz Performer</strong>:<br /><br /><strong>Message</strong>: <strong>$Message<br /></strong><br /><strong>Process Cycle Code</strong>: $Process_Cycle_Code<br /><strong>MachineUser</strong>: $Machine_User<br /><strong>Date &amp; Time</strong>: $Date_Time</p>","<p><strong><br /><br /></strong><span style=""color: #999999;"">**This is an autogenerated email, please DO NOT REPLY.<br /><br /></span>Regards,<br />InvoiceBotz Team</p>",Kalyani.Raval@Wonderbotz.com,Manik.walia@Wonderbotz.com,Process Cycle Code,Environment Details,Date Time,", Invoice File ID (Active), Extraction Result File Path (Active), Field Name (Active), Category Group Name (Active), Global Data Location (Active), Field Value (Active), Test Name (Active), Test Sequence (Active), Test Type (Active), Pattern Value (Active), Test Result (Active), Action Name (Active), Next Rule (Active), Next Sequence (Active), Field Value New (Active)",
47,Inactive,Process - DCR - Get DCR Field Parameters,RPA Team,Info,Executing Each Line Field From DCR Field Mapping Table Completed,N,Manik.Walia@Wonderbotz.com,Nisarg.Kadam@Wonderbotz.com,Executing Each Line Field From DCR Field Mapping Table Completed,"<p>Dear Team,<br /><br />Please find below Notification from <strong>InvoiceBotz Performer</strong>:<br /><br /><strong>Message</strong>: <strong>$Message<br /></strong><br /><strong>Process Cycle Code</strong>: $Process_Cycle_Code<br /><strong>MachineUser</strong>: $Machine_User<br /><strong>Date &amp; Time</strong>: $Date_Time</p>","<p><strong><br /><br /></strong><span style=""color: #999999;"">**This is an autogenerated email, please DO NOT REPLY.<br /><br /></span>Regards,<br />InvoiceBotz Team</p>",Kalyani.Raval@Wonderbotz.com,Manik.walia@Wonderbotz.com,Process Cycle Code,Environment Details,Date Time,", Invoice File ID (Active), Extraction Result File Path (Active), Field Name (Active), Category Group Name (Active), Global Data Location (Active), Field Value (Active), Test Name (Active), Test Sequence (Active), Test Type (Active), Pattern Value (Active), Test Result (Active), Action Name (Active), Next Rule (Active), Next Sequence (Active), Field Value New (Active)",
48,Active,Process - DCR - Get DCR Field Parameters,Business Team,Fatal,System Exception at Executing Each Line Field From DCR Field Mapping Table,Y,Manik.Walia@Wonderbotz.com,Nisarg.Kadam@Wonderbotz.com,System Exception at Executing Each Line Field From DCR Field Mapping Table,"<p>Dear Team,<br /><br />Please find below Notification from <strong>InvoiceBotz Performer</strong>:<br /><br /><strong>Message</strong>: <strong>$Message<br /></strong><br /><strong>Process Cycle Code</strong>: $Process_Cycle_Code<br /><strong>MachineUser</strong>: $Machine_User<br /><strong>Date &amp; Time</strong>: $Date_Time</p>","<p><strong><br /><br /></strong><span style=""color: #999999;"">**This is an autogenerated email, please DO NOT REPLY.<br /><br /></span>Regards,<br />InvoiceBotz Team</p>",Kalyani.Raval@Wonderbotz.com,Manik.walia@Wonderbotz.com,Process Cycle Code,Environment Details,Date Time,,
49,Active,Process - DCR - Get DCR Field Parameters,Business Team,Warn,Business Exception at Executing Each Line Field From DCR Field Mapping Table,Y,Manik.Walia@Wonderbotz.com,Nisarg.Kadam@Wonderbotz.com,Business Exception at Executing Each Line Field From DCR Field Mapping Table,"<p>Dear Team,<br /><br />Please find below Notification from <strong>InvoiceBotz Performer</strong>:<br /><br /><strong>Message</strong>: <strong>$Message<br /></strong><br /><strong>Process Cycle Code</strong>: $Process_Cycle_Code<br /><strong>MachineUser</strong>: $Machine_User<br /><strong>Date &amp; Time</strong>: $Date_Time</p>","<p><strong><br /><br /></strong><span style=""color: #999999;"">**This is an autogenerated email, please DO NOT REPLY.<br /><br /></span>Regards,<br />InvoiceBotz Team</p>",Kalyani.Raval@Wonderbotz.com,Manik.walia@Wonderbotz.com,Process Cycle Code,Environment Details,Date Time,,
50,Inactive,Process - DCR - Perform DCR Test,RPA Team,Info,Executing Each Test From DCR Data Rule Mapping Table Started,N,Manik.Walia@Wonderbotz.com,Nisarg.Kadam@Wonderbotz.com,Executing Each Test From DCR Data Rule Mapping Table Started,"<p>Dear Team,<br /><br />Please find below Notification from <strong>InvoiceBotz Performer</strong>:<br /><br /><strong>Message</strong>: <strong>$Message<br /></strong><br /><strong>Process Cycle Code</strong>: $Process_Cycle_Code<br /><strong>MachineUser</strong>: $Machine_User<br /><strong>Date &amp; Time</strong>: $Date_Time</p>","<p><strong><br /><br /></strong><span style=""color: #999999;"">**This is an autogenerated email, please DO NOT REPLY.<br /><br /></span>Regards,<br />InvoiceBotz Team</p>",Kalyani.Raval@Wonderbotz.com,Manik.walia@Wonderbotz.com,Process Cycle Code,Environment Details,Date Time,", Invoice File ID (Active), Extraction Result File Path (Active), Field Name (Active), Category Group Name (Active), Global Data Location (Active), Field Value (Active), Test Name (Active), Test Sequence (Active), Test Type (Active), Pattern Value (Active), Test Result (Active), Action Name (Active), Next Rule (Active), Next Sequence (Active), Field Value New (Active)",
51,Inactive,Process - DCR - Perform DCR Test,RPA Team,Error,Getting Test Name Started,N,Manik.Walia@Wonderbotz.com,Nisarg.Kadam@Wonderbotz.com,Getting Test Name Started,"<p>Dear Team,<br /><br />Please find below Notification from <strong>InvoiceBotz Performer</strong>:<br /><br /><strong>Message</strong>: <strong>$Message<br /></strong><br /><strong>Process Cycle Code</strong>: $Process_Cycle_Code<br /><strong>MachineUser</strong>: $Machine_User<br /><strong>Date &amp; Time</strong>: $Date_Time</p>","<p><strong><br /><br /></strong><span style=""color: #999999;"">**This is an autogenerated email, please DO NOT REPLY.<br /><br /></span>Regards,<br />InvoiceBotz Team</p>",Kalyani.Raval@Wonderbotz.com,Manik.walia@Wonderbotz.com,Process Cycle Code,Environment Details,Date Time,", Invoice File ID (Active), Extraction Result File Path (Active), Field Name (Active), Category Group Name (Active), Global Data Location (Active), Field Value (Active), Test Name (Active), Test Sequence (Active), Test Type (Active), Pattern Value (Active), Test Result (Active), Action Name (Active), Next Rule (Active), Next Sequence (Active), Field Value New (Active)",
52,Inactive,Process - DCR - Perform DCR Test,RPA Team,Info,Getting Test Name Completed,N,Manik.Walia@Wonderbotz.com,Nisarg.Kadam@Wonderbotz.com,Getting Test Name Completed,"<p>Dear Team,<br /><br />Please find below Notification from <strong>InvoiceBotz Performer</strong>:<br /><br /><strong>Message</strong>: <strong>$Message<br /></strong><br /><strong>Process Cycle Code</strong>: $Process_Cycle_Code<br /><strong>MachineUser</strong>: $Machine_User<br /><strong>Date &amp; Time</strong>: $Date_Time</p>","<p><strong><br /><br /></strong><span style=""color: #999999;"">**This is an autogenerated email, please DO NOT REPLY.<br /><br /></span>Regards,<br />InvoiceBotz Team</p>",Kalyani.Raval@Wonderbotz.com,Manik.walia@Wonderbotz.com,Process Cycle Code,Environment Details,Date Time,", Invoice File ID (Active), Extraction Result File Path (Active), Field Name (Active), Category Group Name (Active), Global Data Location (Active), Field Value (Active), Test Name (Active), Test Sequence (Active), Test Type (Active), Pattern Value (Active), Test Result (Active), Action Name (Active), Next Rule (Active), Next Sequence (Active), Field Value New (Active)",
53,Inactive,Process - DCR - Perform DCR Test,RPA Team,Info,Executing Test Started,N,Manik.Walia@Wonderbotz.com,Nisarg.Kadam@Wonderbotz.com,Executing Test Started,"<p>Dear Team,<br /><br />Please find below Notification from <strong>InvoiceBotz Performer</strong>:<br /><br /><strong>Message</strong>: <strong>$Message<br /></strong><br /><strong>Process Cycle Code</strong>: $Process_Cycle_Code<br /><strong>MachineUser</strong>: $Machine_User<br /><strong>Date &amp; Time</strong>: $Date_Time</p>","<p><strong><br /><br /></strong><span style=""color: #999999;"">**This is an autogenerated email, please DO NOT REPLY.<br /><br /></span>Regards,<br />InvoiceBotz Team</p>",Kalyani.Raval@Wonderbotz.com,Manik.walia@Wonderbotz.com,Process Cycle Code,Environment Details,Date Time,", Invoice File ID (Active), Extraction Result File Path (Active), Field Name (Active), Category Group Name (Active), Global Data Location (Active), Field Value (Active), Test Name (Active), Test Sequence (Active), Test Type (Active), Pattern Value (Active), Test Result (Active), Action Name (Active), Next Rule (Active), Next Sequence (Active), Field Value New (Active)",
54,Inactive,Process - DCR - Perform DCR Test,RPA Team,Info,Assigning Test Values Started,N,Manik.Walia@Wonderbotz.com,Nisarg.Kadam@Wonderbotz.com,Assigning Test Values Started,"<p>Dear Team,<br /><br />Please find below Notification from <strong>InvoiceBotz Performer</strong>:<br /><br /><strong>Message</strong>: <strong>$Message<br /></strong><br /><strong>Process Cycle Code</strong>: $Process_Cycle_Code<br /><strong>MachineUser</strong>: $Machine_User<br /><strong>Date &amp; Time</strong>: $Date_Time</p>","<p><strong><br /><br /></strong><span style=""color: #999999;"">**This is an autogenerated email, please DO NOT REPLY.<br /><br /></span>Regards,<br />InvoiceBotz Team</p>",Kalyani.Raval@Wonderbotz.com,Manik.walia@Wonderbotz.com,Process Cycle Code,Environment Details,Date Time,", Invoice File ID (Active), Extraction Result File Path (Active), Field Name (Active), Category Group Name (Active), Global Data Location (Active), Field Value (Active), Test Name (Active), Test Sequence (Active), Test Type (Active), Pattern Value (Active), Test Result (Active), Action Name (Active), Next Rule (Active), Next Sequence (Active), Field Value New (Active)",
55,Inactive,Process - DCR - Perform DCR Test,RPA Team,Info,Assigning Test Values Completed,N,Manik.Walia@Wonderbotz.com,Nisarg.Kadam@Wonderbotz.com,Assigning Test Values Completed,"<p>Dear Team,<br /><br />Please find below Notification from <strong>InvoiceBotz Performer</strong>:<br /><br /><strong>Message</strong>: <strong>$Message<br /></strong><br /><strong>Process Cycle Code</strong>: $Process_Cycle_Code<br /><strong>MachineUser</strong>: $Machine_User<br /><strong>Date &amp; Time</strong>: $Date_Time</p>","<p><strong><br /><br /></strong><span style=""color: #999999;"">**This is an autogenerated email, please DO NOT REPLY.<br /><br /></span>Regards,<br />InvoiceBotz Team</p>",Kalyani.Raval@Wonderbotz.com,Manik.walia@Wonderbotz.com,Process Cycle Code,Environment Details,Date Time,", Invoice File ID (Active), Extraction Result File Path (Active), Field Name (Active), Category Group Name (Active), Global Data Location (Active), Field Value (Active), Test Name (Active), Test Sequence (Active), Test Type (Active), Pattern Value (Active), Test Result (Active), Action Name (Active), Next Rule (Active), Next Sequence (Active), Field Value New (Active)",
56,Inactive,Process - DCR - Perform DCR Test,RPA Team,Info,Getting Test Type - Pattern Value Started,N,Manik.Walia@Wonderbotz.com,Nisarg.Kadam@Wonderbotz.com,Getting Test Type - Pattern Value Started,"<p>Dear Team,<br /><br />Please find below Notification from <strong>InvoiceBotz Performer</strong>:<br /><br /><strong>Message</strong>: <strong>$Message<br /></strong><br /><strong>Process Cycle Code</strong>: $Process_Cycle_Code<br /><strong>MachineUser</strong>: $Machine_User<br /><strong>Date &amp; Time</strong>: $Date_Time</p>","<p><strong><br /><br /></strong><span style=""color: #999999;"">**This is an autogenerated email, please DO NOT REPLY.<br /><br /></span>Regards,<br />InvoiceBotz Team</p>",Kalyani.Raval@Wonderbotz.com,Manik.walia@Wonderbotz.com,Process Cycle Code,Environment Details,Date Time,", Invoice File ID (Active), Extraction Result File Path (Active), Field Name (Active), Category Group Name (Active), Global Data Location (Active), Field Value (Active), Test Name (Active), Test Sequence (Active), Test Type (Active), Pattern Value (Active), Test Result (Active), Action Name (Active), Next Rule (Active), Next Sequence (Active), Field Value New (Active)",
57,Inactive,Process - DCR - Perform DCR Test,RPA Team,Info,Getting Test Type - Pattern Value Completed,N,Manik.Walia@Wonderbotz.com,Nisarg.Kadam@Wonderbotz.com,Getting Test Type - Pattern Value Completed,"<p>Dear Team,<br /><br />Please find below Notification from <strong>InvoiceBotz Performer</strong>:<br /><br /><strong>Message</strong>: <strong>$Message<br /></strong><br /><strong>Process Cycle Code</strong>: $Process_Cycle_Code<br /><strong>MachineUser</strong>: $Machine_User<br /><strong>Date &amp; Time</strong>: $Date_Time</p>","<p><strong><br /><br /></strong><span style=""color: #999999;"">**This is an autogenerated email, please DO NOT REPLY.<br /><br /></span>Regards,<br />InvoiceBotz Team</p>",Kalyani.Raval@Wonderbotz.com,Manik.walia@Wonderbotz.com,Process Cycle Code,Environment Details,Date Time,", Invoice File ID (Active), Extraction Result File Path (Active), Field Name (Active), Category Group Name (Active), Global Data Location (Active), Field Value (Active), Test Name (Active), Test Sequence (Active), Test Type (Active), Pattern Value (Active), Test Result (Active), Action Name (Active), Next Rule (Active), Next Sequence (Active), Field Value New (Active)",
58,Inactive,Process - DCR - Perform DCR Test,RPA Team,Info,Executing Test Workflow Started,N,Manik.Walia@Wonderbotz.com,Nisarg.Kadam@Wonderbotz.com,Executing Test Workflow Started,"<p>Dear Team,<br /><br />Please find below Notification from <strong>InvoiceBotz Performer</strong>:<br /><br /><strong>Message</strong>: <strong>$Message<br /></strong><br /><strong>Process Cycle Code</strong>: $Process_Cycle_Code<br /><strong>MachineUser</strong>: $Machine_User<br /><strong>Date &amp; Time</strong>: $Date_Time</p>","<p><strong><br /><br /></strong><span style=""color: #999999;"">**This is an autogenerated email, please DO NOT REPLY.<br /><br /></span>Regards,<br />InvoiceBotz Team</p>",Kalyani.Raval@Wonderbotz.com,Manik.walia@Wonderbotz.com,Process Cycle Code,Environment Details,Date Time,", Invoice File ID (Active), Extraction Result File Path (Active), Field Name (Active), Category Group Name (Active), Global Data Location (Active), Field Value (Active), Test Name (Active), Test Sequence (Active), Test Type (Active), Pattern Value (Active), Test Result (Active), Action Name (Active), Next Rule (Active), Next Sequence (Active), Field Value New (Active)",
59,Inactive,Process - DCR - Perform DCR Test,RPA Team,Info,Executing Test Workflow Completed,N,Manik.Walia@Wonderbotz.com,Nisarg.Kadam@Wonderbotz.com,Executing Test Workflow Completed,"<p>Dear Team,<br /><br />Please find below Notification from <strong>InvoiceBotz Performer</strong>:<br /><br /><strong>Message</strong>: <strong>$Message<br /></strong><br /><strong>Process Cycle Code</strong>: $Process_Cycle_Code<br /><strong>MachineUser</strong>: $Machine_User<br /><strong>Date &amp; Time</strong>: $Date_Time</p>","<p><strong><br /><br /></strong><span style=""color: #999999;"">**This is an autogenerated email, please DO NOT REPLY.<br /><br /></span>Regards,<br />InvoiceBotz Team</p>",Kalyani.Raval@Wonderbotz.com,Manik.walia@Wonderbotz.com,Process Cycle Code,Environment Details,Date Time,", Invoice File ID (Active), Extraction Result File Path (Active), Field Name (Active), Category Group Name (Active), Global Data Location (Active), Field Value (Active), Test Name (Active), Test Sequence (Active), Test Type (Active), Pattern Value (Active), Test Result (Active), Action Name (Active), Next Rule (Active), Next Sequence (Active), Field Value New (Active)",
60,Inactive,Process - DCR - Perform DCR Test,RPA Team,Info,Test Execution Result Generated,N,Manik.Walia@Wonderbotz.com,Nisarg.Kadam@Wonderbotz.com,Test Execution Result Generated,"<p>Dear Team,<br /><br />Please find below Notification from <strong>InvoiceBotz Performer</strong>:<br /><br /><strong>Message</strong>: <strong>$Message<br /></strong><br /><strong>Process Cycle Code</strong>: $Process_Cycle_Code<br /><strong>MachineUser</strong>: $Machine_User<br /><strong>Date &amp; Time</strong>: $Date_Time</p>","<p><strong><br /><br /></strong><span style=""color: #999999;"">**This is an autogenerated email, please DO NOT REPLY.<br /><br /></span>Regards,<br />InvoiceBotz Team</p>",Kalyani.Raval@Wonderbotz.com,Manik.walia@Wonderbotz.com,Process Cycle Code,Environment Details,Date Time,", Invoice File ID (Active), Extraction Result File Path (Active), Field Name (Active), Category Group Name (Active), Global Data Location (Active), Field Value (Active), Test Name (Active), Test Sequence (Active), Test Type (Active), Pattern Value (Active), Test Result (Active), Action Name (Active), Next Rule (Active), Next Sequence (Active), Field Value New (Active)",
61,Inactive,Process - DCR - Perform DCR Test,RPA Team,Error,Executing Test Completed,N,Manik.Walia@Wonderbotz.com,Nisarg.Kadam@Wonderbotz.com,Executing Test Completed,"<p>Dear Team,<br /><br />Please find below Notification from <strong>InvoiceBotz Performer</strong>:<br /><br /><strong>Message</strong>: <strong>$Message<br /></strong><br /><strong>Process Cycle Code</strong>: $Process_Cycle_Code<br /><strong>MachineUser</strong>: $Machine_User<br /><strong>Date &amp; Time</strong>: $Date_Time</p>","<p><strong><br /><br /></strong><span style=""color: #999999;"">**This is an autogenerated email, please DO NOT REPLY.<br /><br /></span>Regards,<br />InvoiceBotz Team</p>",Kalyani.Raval@Wonderbotz.com,Manik.walia@Wonderbotz.com,Process Cycle Code,Environment Details,Date Time,", Invoice File ID (Active), Extraction Result File Path (Active), Field Name (Active), Category Group Name (Active), Global Data Location (Active), Field Value (Active), Test Name (Active), Test Sequence (Active), Test Type (Active), Pattern Value (Active), Test Result (Active), Action Name (Active), Next Rule (Active), Next Sequence (Active), Field Value New (Active)",
62,Active,Process - DCR - Perform DCR Test,Business Team,Fatal,System Exception at Executing Each Test,Y,Manik.Walia@Wonderbotz.com,Nisarg.Kadam@Wonderbotz.com,System Exception at Executing Each Test,"<p>Dear Team,<br /><br />Please find below Notification from <strong>InvoiceBotz Performer</strong>:<br /><br /><strong>Message</strong>: <strong>$Message<br /></strong><br /><strong>Process Cycle Code</strong>: $Process_Cycle_Code<br /><strong>MachineUser</strong>: $Machine_User<br /><strong>Date &amp; Time</strong>: $Date_Time</p>","<p><strong><br /><br /></strong><span style=""color: #999999;"">**This is an autogenerated email, please DO NOT REPLY.<br /><br /></span>Regards,<br />InvoiceBotz Team</p>",Kalyani.Raval@Wonderbotz.com,Manik.walia@Wonderbotz.com,Process Cycle Code,Environment Details,Date Time,,
63,Active,Process - DCR - Perform DCR Test,Business Team,Warn,Business Exception at Executing Each Test,Y,Manik.Walia@Wonderbotz.com,Nisarg.Kadam@Wonderbotz.com,Business Exception at Executing Each Test,"<p>Dear Team,<br /><br />Please find below Notification from <strong>InvoiceBotz Performer</strong>:<br /><br /><strong>Message</strong>: <strong>$Message<br /></strong><br /><strong>Process Cycle Code</strong>: $Process_Cycle_Code<br /><strong>MachineUser</strong>: $Machine_User<br /><strong>Date &amp; Time</strong>: $Date_Time</p>","<p><strong><br /><br /></strong><span style=""color: #999999;"">**This is an autogenerated email, please DO NOT REPLY.<br /><br /></span>Regards,<br />InvoiceBotz Team</p>",Kalyani.Raval@Wonderbotz.com,Manik.walia@Wonderbotz.com,Process Cycle Code,Environment Details,Date Time,,
64,Inactive,Process - DCR - Perform DCR Test,RPA Team,Info,Executing Each Test From DCR Data Rule Mapping Table Completed,N,Manik.Walia@Wonderbotz.com,Nisarg.Kadam@Wonderbotz.com,Executing Each Test From DCR Data Rule Mapping Table Completed,"<p>Dear Team,<br /><br />Please find below Notification from <strong>InvoiceBotz Performer</strong>:<br /><br /><strong>Message</strong>: <strong>$Message<br /></strong><br /><strong>Process Cycle Code</strong>: $Process_Cycle_Code<br /><strong>MachineUser</strong>: $Machine_User<br /><strong>Date &amp; Time</strong>: $Date_Time</p>","<p><strong><br /><br /></strong><span style=""color: #999999;"">**This is an autogenerated email, please DO NOT REPLY.<br /><br /></span>Regards,<br />InvoiceBotz Team</p>",Kalyani.Raval@Wonderbotz.com,Manik.walia@Wonderbotz.com,Process Cycle Code,Environment Details,Date Time,", Invoice File ID (Active), Extraction Result File Path (Active), Field Name (Active), Category Group Name (Active), Global Data Location (Active), Field Value (Active), Test Name (Active), Test Sequence (Active), Test Type (Active), Pattern Value (Active), Test Result (Active), Action Name (Active), Next Rule (Active), Next Sequence (Active), Field Value New (Active)",
65,Inactive,Process - DCR - Perfomr DCR Test Result Action,RPA Team,Error,Executing Action Started,N,Manik.Walia@Wonderbotz.com,Nisarg.Kadam@Wonderbotz.com,Executing Action Started,"<p>Dear Team,<br /><br />Please find below Notification from <strong>InvoiceBotz Performer</strong>:<br /><br /><strong>Message</strong>: <strong>$Message<br /></strong><br /><strong>Process Cycle Code</strong>: $Process_Cycle_Code<br /><strong>MachineUser</strong>: $Machine_User<br /><strong>Date &amp; Time</strong>: $Date_Time</p>","<p><strong><br /><br /></strong><span style=""color: #999999;"">**This is an autogenerated email, please DO NOT REPLY.<br /><br /></span>Regards,<br />InvoiceBotz Team</p>",Kalyani.Raval@Wonderbotz.com,Manik.walia@Wonderbotz.com,Process Cycle Code,Environment Details,Date Time,", Invoice File ID (Active), Extraction Result File Path (Active), Field Name (Active), Category Group Name (Active), Global Data Location (Active), Field Value (Active), Test Name (Active), Test Sequence (Active), Test Type (Active), Pattern Value (Active), Test Result (Active), Action Name (Active), Next Rule (Active), Next Sequence (Active), Field Value New (Active)",
66,Inactive,Process - DCR - Perfomr DCR Test Result Action,RPA Team,Info,Assigning True Action Values Started,N,Manik.Walia@Wonderbotz.com,Nisarg.Kadam@Wonderbotz.com,Assigning True Action Values Started,"<p>Dear Team,<br /><br />Please find below Notification from <strong>InvoiceBotz Performer</strong>:<br /><br /><strong>Message</strong>: <strong>$Message<br /></strong><br /><strong>Process Cycle Code</strong>: $Process_Cycle_Code<br /><strong>MachineUser</strong>: $Machine_User<br /><strong>Date &amp; Time</strong>: $Date_Time</p>","<p><strong><br /><br /></strong><span style=""color: #999999;"">**This is an autogenerated email, please DO NOT REPLY.<br /><br /></span>Regards,<br />InvoiceBotz Team</p>",Kalyani.Raval@Wonderbotz.com,Manik.walia@Wonderbotz.com,Process Cycle Code,Environment Details,Date Time,", Invoice File ID (Active), Extraction Result File Path (Active), Field Name (Active), Category Group Name (Active), Global Data Location (Active), Field Value (Active), Test Name (Active), Test Sequence (Active), Test Type (Active), Pattern Value (Active), Test Result (Active), Action Name (Active), Next Rule (Active), Next Sequence (Active), Field Value New (Active)",
67,Inactive,Process - DCR - Perfomr DCR Test Result Action,RPA Team,Info,Assigning True Action Values Completed,N,Manik.Walia@Wonderbotz.com,Nisarg.Kadam@Wonderbotz.com,Assigning True Action Values Completed,"<p>Dear Team,<br /><br />Please find below Notification from <strong>InvoiceBotz Performer</strong>:<br /><br /><strong>Message</strong>: <strong>$Message<br /></strong><br /><strong>Process Cycle Code</strong>: $Process_Cycle_Code<br /><strong>MachineUser</strong>: $Machine_User<br /><strong>Date &amp; Time</strong>: $Date_Time</p>","<p><strong><br /><br /></strong><span style=""color: #999999;"">**This is an autogenerated email, please DO NOT REPLY.<br /><br /></span>Regards,<br />InvoiceBotz Team</p>",Kalyani.Raval@Wonderbotz.com,Manik.walia@Wonderbotz.com,Process Cycle Code,Environment Details,Date Time,", Invoice File ID (Active), Extraction Result File Path (Active), Field Name (Active), Category Group Name (Active), Global Data Location (Active), Field Value (Active), Test Name (Active), Test Sequence (Active), Test Type (Active), Pattern Value (Active), Test Result (Active), Action Name (Active), Next Rule (Active), Next Sequence (Active), Field Value New (Active)",
68,Inactive,Process - DCR - Perfomr DCR Test Result Action,RPA Team,Info,Assigning False Action Values Started,N,Manik.Walia@Wonderbotz.com,Nisarg.Kadam@Wonderbotz.com,Assigning False Action Values Started,"<p>Dear Team,<br /><br />Please find below Notification from <strong>InvoiceBotz Performer</strong>:<br /><br /><strong>Message</strong>: <strong>$Message<br /></strong><br /><strong>Process Cycle Code</strong>: $Process_Cycle_Code<br /><strong>MachineUser</strong>: $Machine_User<br /><strong>Date &amp; Time</strong>: $Date_Time</p>","<p><strong><br /><br /></strong><span style=""color: #999999;"">**This is an autogenerated email, please DO NOT REPLY.<br /><br /></span>Regards,<br />InvoiceBotz Team</p>",Kalyani.Raval@Wonderbotz.com,Manik.walia@Wonderbotz.com,Process Cycle Code,Environment Details,Date Time,", Invoice File ID (Active), Extraction Result File Path (Active), Field Name (Active), Category Group Name (Active), Global Data Location (Active), Field Value (Active), Test Name (Active), Test Sequence (Active), Test Type (Active), Pattern Value (Active), Test Result (Active), Action Name (Active), Next Rule (Active), Next Sequence (Active), Field Value New (Active)",
69,Inactive,Process - DCR - Perfomr DCR Test Result Action,RPA Team,Info,Assigning False Action Values Completed,N,Manik.Walia@Wonderbotz.com,Nisarg.Kadam@Wonderbotz.com,Assigning False Action Values Completed,"<p>Dear Team,<br /><br />Please find below Notification from <strong>InvoiceBotz Performer</strong>:<br /><br /><strong>Message</strong>: <strong>$Message<br /></strong><br /><strong>Process Cycle Code</strong>: $Process_Cycle_Code<br /><strong>MachineUser</strong>: $Machine_User<br /><strong>Date &amp; Time</strong>: $Date_Time</p>","<p><strong><br /><br /></strong><span style=""color: #999999;"">**This is an autogenerated email, please DO NOT REPLY.<br /><br /></span>Regards,<br />InvoiceBotz Team</p>",Kalyani.Raval@Wonderbotz.com,Manik.walia@Wonderbotz.com,Process Cycle Code,Environment Details,Date Time,", Invoice File ID (Active), Extraction Result File Path (Active), Field Name (Active), Category Group Name (Active), Global Data Location (Active), Field Value (Active), Test Name (Active), Test Sequence (Active), Test Type (Active), Pattern Value (Active), Test Result (Active), Action Name (Active), Next Rule (Active), Next Sequence (Active), Field Value New (Active)",
70,Inactive,Process - DCR - Perfomr DCR Test Result Action,RPA Team,Info,Assigning Action Values Started,N,Manik.Walia@Wonderbotz.com,Nisarg.Kadam@Wonderbotz.com,Assigning Action Values Started,"<p>Dear Team,<br /><br />Please find below Notification from <strong>InvoiceBotz Performer</strong>:<br /><br /><strong>Message</strong>: <strong>$Message<br /></strong><br /><strong>Process Cycle Code</strong>: $Process_Cycle_Code<br /><strong>MachineUser</strong>: $Machine_User<br /><strong>Date &amp; Time</strong>: $Date_Time</p>","<p><strong><br /><br /></strong><span style=""color: #999999;"">**This is an autogenerated email, please DO NOT REPLY.<br /><br /></span>Regards,<br />InvoiceBotz Team</p>",Kalyani.Raval@Wonderbotz.com,Manik.walia@Wonderbotz.com,Process Cycle Code,Environment Details,Date Time,", Invoice File ID (Active), Extraction Result File Path (Active), Field Name (Active), Category Group Name (Active), Global Data Location (Active), Field Value (Active), Test Name (Active), Test Sequence (Active), Test Type (Active), Pattern Value (Active), Test Result (Active), Action Name (Active), Next Rule (Active), Next Sequence (Active), Field Value New (Active)",
71,Inactive,Process - DCR - Perfomr DCR Test Result Action,RPA Team,Info,Assigning Action Values Completed,N,Manik.Walia@Wonderbotz.com,Nisarg.Kadam@Wonderbotz.com,Assigning Action Values Completed,"<p>Dear Team,<br /><br />Please find below Notification from <strong>InvoiceBotz Performer</strong>:<br /><br /><strong>Message</strong>: <strong>$Message<br /></strong><br /><strong>Process Cycle Code</strong>: $Process_Cycle_Code<br /><strong>MachineUser</strong>: $Machine_User<br /><strong>Date &amp; Time</strong>: $Date_Time</p>","<p><strong><br /><br /></strong><span style=""color: #999999;"">**This is an autogenerated email, please DO NOT REPLY.<br /><br /></span>Regards,<br />InvoiceBotz Team</p>",Kalyani.Raval@Wonderbotz.com,Manik.walia@Wonderbotz.com,Process Cycle Code,Environment Details,Date Time,", Invoice File ID (Active), Extraction Result File Path (Active), Field Name (Active), Category Group Name (Active), Global Data Location (Active), Field Value (Active), Test Name (Active), Test Sequence (Active), Test Type (Active), Pattern Value (Active), Test Result (Active), Action Name (Active), Next Rule (Active), Next Sequence (Active), Field Value New (Active)",
72,Inactive,Process - DCR - Perfomr DCR Test Result Action,RPA Team,Info,Assigning Next Rule Started,N,Manik.Walia@Wonderbotz.com,Nisarg.Kadam@Wonderbotz.com,Assigning Next Rule Started,"<p>Dear Team,<br /><br />Please find below Notification from <strong>InvoiceBotz Performer</strong>:<br /><br /><strong>Message</strong>: <strong>$Message<br /></strong><br /><strong>Process Cycle Code</strong>: $Process_Cycle_Code<br /><strong>MachineUser</strong>: $Machine_User<br /><strong>Date &amp; Time</strong>: $Date_Time</p>","<p><strong><br /><br /></strong><span style=""color: #999999;"">**This is an autogenerated email, please DO NOT REPLY.<br /><br /></span>Regards,<br />InvoiceBotz Team</p>",Kalyani.Raval@Wonderbotz.com,Manik.walia@Wonderbotz.com,Process Cycle Code,Environment Details,Date Time,", Invoice File ID (Active), Extraction Result File Path (Active), Field Name (Active), Category Group Name (Active), Global Data Location (Active), Field Value (Active), Test Name (Active), Test Sequence (Active), Test Type (Active), Pattern Value (Active), Test Result (Active), Action Name (Active), Next Rule (Active), Next Sequence (Active), Field Value New (Active)",
73,Inactive,Process - DCR - Perfomr DCR Test Result Action,RPA Team,Info,Assigning Next Rule Completed,N,Manik.Walia@Wonderbotz.com,Nisarg.Kadam@Wonderbotz.com,Assigning Next Rule Completed,"<p>Dear Team,<br /><br />Please find below Notification from <strong>InvoiceBotz Performer</strong>:<br /><br /><strong>Message</strong>: <strong>$Message<br /></strong><br /><strong>Process Cycle Code</strong>: $Process_Cycle_Code<br /><strong>MachineUser</strong>: $Machine_User<br /><strong>Date &amp; Time</strong>: $Date_Time</p>","<p><strong><br /><br /></strong><span style=""color: #999999;"">**This is an autogenerated email, please DO NOT REPLY.<br /><br /></span>Regards,<br />InvoiceBotz Team</p>",Kalyani.Raval@Wonderbotz.com,Manik.walia@Wonderbotz.com,Process Cycle Code,Environment Details,Date Time,", Invoice File ID (Active), Extraction Result File Path (Active), Field Name (Active), Category Group Name (Active), Global Data Location (Active), Field Value (Active), Test Name (Active), Test Sequence (Active), Test Type (Active), Pattern Value (Active), Test Result (Active), Action Name (Active), Next Rule (Active), Next Sequence (Active), Field Value New (Active)",
74,Inactive,Process - DCR - Perfomr DCR Test Result Action,RPA Team,Info,Assigning Next Sequence Started,N,Manik.Walia@Wonderbotz.com,Nisarg.Kadam@Wonderbotz.com,Assigning Next Sequence Started,"<p>Dear Team,<br /><br />Please find below Notification from <strong>InvoiceBotz Performer</strong>:<br /><br /><strong>Message</strong>: <strong>$Message<br /></strong><br /><strong>Process Cycle Code</strong>: $Process_Cycle_Code<br /><strong>MachineUser</strong>: $Machine_User<br /><strong>Date &amp; Time</strong>: $Date_Time</p>","<p><strong><br /><br /></strong><span style=""color: #999999;"">**This is an autogenerated email, please DO NOT REPLY.<br /><br /></span>Regards,<br />InvoiceBotz Team</p>",Kalyani.Raval@Wonderbotz.com,Manik.walia@Wonderbotz.com,Process Cycle Code,Environment Details,Date Time,", Invoice File ID (Active), Extraction Result File Path (Active), Field Name (Active), Category Group Name (Active), Global Data Location (Active), Field Value (Active), Test Name (Active), Test Sequence (Active), Test Type (Active), Pattern Value (Active), Test Result (Active), Action Name (Active), Next Rule (Active), Next Sequence (Active), Field Value New (Active)",
75,Inactive,Process - DCR - Perfomr DCR Test Result Action,RPA Team,Info,Assigning Next Sequence Completed,N,Manik.Walia@Wonderbotz.com,Nisarg.Kadam@Wonderbotz.com,Assigning Next Sequence Completed,"<p>Dear Team,<br /><br />Please find below Notification from <strong>InvoiceBotz Performer</strong>:<br /><br /><strong>Message</strong>: <strong>$Message<br /></strong><br /><strong>Process Cycle Code</strong>: $Process_Cycle_Code<br /><strong>MachineUser</strong>: $Machine_User<br /><strong>Date &amp; Time</strong>: $Date_Time</p>","<p><strong><br /><br /></strong><span style=""color: #999999;"">**This is an autogenerated email, please DO NOT REPLY.<br /><br /></span>Regards,<br />InvoiceBotz Team</p>",Kalyani.Raval@Wonderbotz.com,Manik.walia@Wonderbotz.com,Process Cycle Code,Environment Details,Date Time,", Invoice File ID (Active), Extraction Result File Path (Active), Field Name (Active), Category Group Name (Active), Global Data Location (Active), Field Value (Active), Test Name (Active), Test Sequence (Active), Test Type (Active), Pattern Value (Active), Test Result (Active), Action Name (Active), Next Rule (Active), Next Sequence (Active), Field Value New (Active)",
76,Inactive,Process - DCR - Perfomr DCR Test Result Action,RPA Team,Info,Executing Action Workflow Started,N,Manik.Walia@Wonderbotz.com,Nisarg.Kadam@Wonderbotz.com,Executing Action Workflow Started,"<p>Dear Team,<br /><br />Please find below Notification from <strong>InvoiceBotz Performer</strong>:<br /><br /><strong>Message</strong>: <strong>$Message<br /></strong><br /><strong>Process Cycle Code</strong>: $Process_Cycle_Code<br /><strong>MachineUser</strong>: $Machine_User<br /><strong>Date &amp; Time</strong>: $Date_Time</p>","<p><strong><br /><br /></strong><span style=""color: #999999;"">**This is an autogenerated email, please DO NOT REPLY.<br /><br /></span>Regards,<br />InvoiceBotz Team</p>",Kalyani.Raval@Wonderbotz.com,Manik.walia@Wonderbotz.com,Process Cycle Code,Environment Details,Date Time,", Invoice File ID (Active), Extraction Result File Path (Active), Field Name (Active), Category Group Name (Active), Global Data Location (Active), Field Value (Active), Test Name (Active), Test Sequence (Active), Test Type (Active), Pattern Value (Active), Test Result (Active), Action Name (Active), Next Rule (Active), Next Sequence (Active), Field Value New (Active)",
77,Inactive,Process - DCR - Perfomr DCR Test Result Action,RPA Team,Info,Executing Action Workflow Completed,N,Manik.Walia@Wonderbotz.com,Nisarg.Kadam@Wonderbotz.com,Executing Action Workflow Completed,"<p>Dear Team,<br /><br />Please find below Notification from <strong>InvoiceBotz Performer</strong>:<br /><br /><strong>Message</strong>: <strong>$Message<br /></strong><br /><strong>Process Cycle Code</strong>: $Process_Cycle_Code<br /><strong>MachineUser</strong>: $Machine_User<br /><strong>Date &amp; Time</strong>: $Date_Time</p>","<p><strong><br /><br /></strong><span style=""color: #999999;"">**This is an autogenerated email, please DO NOT REPLY.<br /><br /></span>Regards,<br />InvoiceBotz Team</p>",Kalyani.Raval@Wonderbotz.com,Manik.walia@Wonderbotz.com,Process Cycle Code,Environment Details,Date Time,", Invoice File ID (Active), Extraction Result File Path (Active), Field Name (Active), Category Group Name (Active), Global Data Location (Active), Field Value (Active), Test Name (Active), Test Sequence (Active), Test Type (Active), Pattern Value (Active), Test Result (Active), Action Name (Active), Next Rule (Active), Next Sequence (Active), Field Value New (Active)",
78,Inactive,Process - DCR - Perfomr DCR Test Result Action,RPA Team,Error,Executing Action Completed,N,Manik.Walia@Wonderbotz.com,Nisarg.Kadam@Wonderbotz.com,Executing Action Completed,"<p>Dear Team,<br /><br />Please find below Notification from <strong>InvoiceBotz Performer</strong>:<br /><br /><strong>Message</strong>: <strong>$Message<br /></strong><br /><strong>Process Cycle Code</strong>: $Process_Cycle_Code<br /><strong>MachineUser</strong>: $Machine_User<br /><strong>Date &amp; Time</strong>: $Date_Time</p>","<p><strong><br /><br /></strong><span style=""color: #999999;"">**This is an autogenerated email, please DO NOT REPLY.<br /><br /></span>Regards,<br />InvoiceBotz Team</p>",Kalyani.Raval@Wonderbotz.com,Manik.walia@Wonderbotz.com,Process Cycle Code,Environment Details,Date Time,,
79,Active,Process - DCR - Perfomr DCR Test Result Action,Business Team,Fatal,System Exception at Executing Action,Y,Manik.Walia@Wonderbotz.com,Nisarg.Kadam@Wonderbotz.com,System Exception at Executing Action,"<p>Dear Team,<br /><br />Please find below Notification from <strong>InvoiceBotz Performer</strong>:<br /><br /><strong>Message</strong>: <strong>$Message<br /></strong><br /><strong>Process Cycle Code</strong>: $Process_Cycle_Code<br /><strong>MachineUser</strong>: $Machine_User<br /><strong>Date &amp; Time</strong>: $Date_Time</p>","<p><strong><br /><br /></strong><span style=""color: #999999;"">**This is an autogenerated email, please DO NOT REPLY.<br /><br /></span>Regards,<br />InvoiceBotz Team</p>",Kalyani.Raval@Wonderbotz.com,Manik.walia@Wonderbotz.com,Process Cycle Code,Environment Details,Date Time,,
80,Active,Process - DCR - Perfomr DCR Test Result Action,Business Team,Fatal,Termination at Executing Action,Y,Manik.Walia@Wonderbotz.com,Nisarg.Kadam@Wonderbotz.com,Termination at Executing Action,"<p>Dear Team,<br /><br />Please find below Notification from <strong>InvoiceBotz Performer</strong>:<br /><br /><strong>Message</strong>: <strong>$Message<br /></strong><br /><strong>Process Cycle Code</strong>: $Process_Cycle_Code<br /><strong>MachineUser</strong>: $Machine_User<br /><strong>Date &amp; Time</strong>: $Date_Time</p>","<p><strong><br /><br /></strong><span style=""color: #999999;"">**This is an autogenerated email, please DO NOT REPLY.<br /><br /></span>Regards,<br />InvoiceBotz Team</p>",Kalyani.Raval@Wonderbotz.com,Manik.walia@Wonderbotz.com,Process Cycle Code,Environment Details,Date Time,,
81,Active,Process - DCR - Perfomr DCR Test Result Action,Business Team,Warn,Business Exception at Executing Action,Y,Manik.Walia@Wonderbotz.com,Nisarg.Kadam@Wonderbotz.com,Business Exception at Executing Action,"<p>Dear Team,<br /><br />Please find below Notification from <strong>InvoiceBotz Performer</strong>:<br /><br /><strong>Message</strong>: <strong>$Message<br /></strong><br /><strong>Process Cycle Code</strong>: $Process_Cycle_Code<br /><strong>MachineUser</strong>: $Machine_User<br /><strong>Date &amp; Time</strong>: $Date_Time</p>","<p><strong><br /><br /></strong><span style=""color: #999999;"">**This is an autogenerated email, please DO NOT REPLY.<br /><br /></span>Regards,<br />InvoiceBotz Team</p>",Kalyani.Raval@Wonderbotz.com,Manik.walia@Wonderbotz.com,Process Cycle Code,Environment Details,Date Time,,
82,Inactive,Process - DCR - Update Field Value,RPA Team,Info,Updating Field Value Started,N,Manik.Walia@Wonderbotz.com,Nisarg.Kadam@Wonderbotz.com,Updating Field Value Started,"<p>Dear Team,<br /><br />Please find below Notification from <strong>InvoiceBotz Performer</strong>:<br /><br /><strong>Message</strong>: <strong>$Message<br /></strong><br /><strong>Process Cycle Code</strong>: $Process_Cycle_Code<br /><strong>MachineUser</strong>: $Machine_User<br /><strong>Date &amp; Time</strong>: $Date_Time</p>","<p><strong><br /><br /></strong><span style=""color: #999999;"">**This is an autogenerated email, please DO NOT REPLY.<br /><br /></span>Regards,<br />InvoiceBotz Team</p>",Kalyani.Raval@Wonderbotz.com,Manik.walia@Wonderbotz.com,Process Cycle Code,Environment Details,Date Time,", Invoice File ID (Active), Extraction Result File Path (Active), Field Name (Active), Category Group Name (Active), Global Data Location (Active), Field Value (Active), Test Name (Active), Test Sequence (Active), Test Type (Active), Pattern Value (Active), Test Result (Active), Action Name (Active), Next Rule (Active), Next Sequence (Active), Field Value New (Active)",
83,Inactive,Process - DCR - Update Field Value,RPA Team,Info,Updating Field Value Completed,N,Manik.Walia@Wonderbotz.com,Nisarg.Kadam@Wonderbotz.com,Updating Field Value Completed,"<p>Dear Team,<br /><br />Please find below Notification from <strong>InvoiceBotz Performer</strong>:<br /><br /><strong>Message</strong>: <strong>$Message<br /></strong><br /><strong>Process Cycle Code</strong>: $Process_Cycle_Code<br /><strong>MachineUser</strong>: $Machine_User<br /><strong>Date &amp; Time</strong>: $Date_Time</p>","<p><strong><br /><br /></strong><span style=""color: #999999;"">**This is an autogenerated email, please DO NOT REPLY.<br /><br /></span>Regards,<br />InvoiceBotz Team</p>",Kalyani.Raval@Wonderbotz.com,Manik.walia@Wonderbotz.com,Process Cycle Code,Environment Details,Date Time,", Invoice File ID (Active), Extraction Result File Path (Active), Field Name (Active), Category Group Name (Active), Global Data Location (Active), Field Value (Active), Test Name (Active), Test Sequence (Active), Test Type (Active), Pattern Value (Active), Test Result (Active), Action Name (Active), Next Rule (Active), Next Sequence (Active), Field Value New (Active)",
84,Inactive,Process - DCR - Update Field Value,RPA Team,Info,Incrementing DCR Test Number,N,Manik.Walia@Wonderbotz.com,Nisarg.Kadam@Wonderbotz.com,Incrementing DCR Test Number,"<p>Dear Team,<br /><br />Please find below Notification from <strong>InvoiceBotz Performer</strong>:<br /><br /><strong>Message</strong>: <strong>$Message<br /></strong><br /><strong>Process Cycle Code</strong>: $Process_Cycle_Code<br /><strong>MachineUser</strong>: $Machine_User<br /><strong>Date &amp; Time</strong>: $Date_Time</p>","<p><strong><br /><br /></strong><span style=""color: #999999;"">**This is an autogenerated email, please DO NOT REPLY.<br /><br /></span>Regards,<br />InvoiceBotz Team</p>",Kalyani.Raval@Wonderbotz.com,Manik.walia@Wonderbotz.com,Process Cycle Code,Environment Details,Date Time,", Invoice File ID (Active), Extraction Result File Path (Active), Field Name (Active), Category Group Name (Active), Global Data Location (Active), Field Value (Active), Test Name (Active), Test Sequence (Active), Test Type (Active), Pattern Value (Active), Test Result (Active), Action Name (Active), Next Rule (Active), Next Sequence (Active), Field Value New (Active)",
85,Inactive,Process - DCR - Update Field Value,RPA Team,Info,Navigating to Next Test,N,Manik.Walia@Wonderbotz.com,Nisarg.Kadam@Wonderbotz.com,Navigating to Next Test,"<p>Dear Team,<br /><br />Please find below Notification from <strong>InvoiceBotz Performer</strong>:<br /><br /><strong>Message</strong>: <strong>$Message<br /></strong><br /><strong>Process Cycle Code</strong>: $Process_Cycle_Code<br /><strong>MachineUser</strong>: $Machine_User<br /><strong>Date &amp; Time</strong>: $Date_Time</p>","<p><strong><br /><br /></strong><span style=""color: #999999;"">**This is an autogenerated email, please DO NOT REPLY.<br /><br /></span>Regards,<br />InvoiceBotz Team</p>",Kalyani.Raval@Wonderbotz.com,Manik.walia@Wonderbotz.com,Process Cycle Code,Environment Details,Date Time,", Invoice File ID (Active), Extraction Result File Path (Active), Field Name (Active), Category Group Name (Active), Global Data Location (Active), Field Value (Active), Test Name (Active), Test Sequence (Active), Test Type (Active), Pattern Value (Active), Test Result (Active), Action Name (Active), Next Rule (Active), Next Sequence (Active), Field Value New (Active)",
86,Inactive,Process - DCR - Update Field Value,RPA Team,Info,Navigating to Next Field,N,Manik.Walia@Wonderbotz.com,Nisarg.Kadam@Wonderbotz.com,Navigating to Next Field,"<p>Dear Team,<br /><br />Please find below Notification from <strong>InvoiceBotz Performer</strong>:<br /><br /><strong>Message</strong>: <strong>$Message<br /></strong><br /><strong>Process Cycle Code</strong>: $Process_Cycle_Code<br /><strong>MachineUser</strong>: $Machine_User<br /><strong>Date &amp; Time</strong>: $Date_Time</p>","<p><strong><br /><br /></strong><span style=""color: #999999;"">**This is an autogenerated email, please DO NOT REPLY.<br /><br /></span>Regards,<br />InvoiceBotz Team</p>",Kalyani.Raval@Wonderbotz.com,Manik.walia@Wonderbotz.com,Process Cycle Code,Environment Details,Date Time,", Invoice File ID (Active), Extraction Result File Path (Active), Field Name (Active), Category Group Name (Active), Global Data Location (Active), Field Value (Active), Test Name (Active), Test Sequence (Active), Test Type (Active), Pattern Value (Active), Test Result (Active), Action Name (Active), Next Rule (Active), Next Sequence (Active), Field Value New (Active)",
87,Active,Process - DCR - Update Field Value,Business Team,Fatal,System Exception at Updating Field Value,Y,Manik.Walia@Wonderbotz.com,Nisarg.Kadam@Wonderbotz.com,System Exception at Updating Field Value,"<p>Dear Team,<br /><br />Please find below Notification from <strong>InvoiceBotz Performer</strong>:<br /><br /><strong>Message</strong>: <strong>$Message<br /></strong><br /><strong>Process Cycle Code</strong>: $Process_Cycle_Code<br /><strong>MachineUser</strong>: $Machine_User<br /><strong>Date &amp; Time</strong>: $Date_Time</p>","<p><strong><br /><br /></strong><span style=""color: #999999;"">**This is an autogenerated email, please DO NOT REPLY.<br /><br /></span>Regards,<br />InvoiceBotz Team</p>",Kalyani.Raval@Wonderbotz.com,Manik.walia@Wonderbotz.com,Process Cycle Code,Environment Details,Date Time,,
88,Active,Process - DCR - Update Field Value,Business Team,Warn,Business Exception at Updating Field Value,Y,Manik.Walia@Wonderbotz.com,Nisarg.Kadam@Wonderbotz.com,Business Exception at Updating Field Value,"<p>Dear Team,<br /><br />Please find below Notification from <strong>InvoiceBotz Performer</strong>:<br /><br /><strong>Message</strong>: <strong>$Message<br /></strong><br /><strong>Process Cycle Code</strong>: $Process_Cycle_Code<br /><strong>MachineUser</strong>: $Machine_User<br /><strong>Date &amp; Time</strong>: $Date_Time</p>","<p><strong><br /><br /></strong><span style=""color: #999999;"">**This is an autogenerated email, please DO NOT REPLY.<br /><br /></span>Regards,<br />InvoiceBotz Team</p>",Kalyani.Raval@Wonderbotz.com,Manik.walia@Wonderbotz.com,Process Cycle Code,Environment Details,Date Time,,
89,Inactive,Process - DCR - Add Data Row,RPA Team,Info,Incrementing Line Number,N,Manik.Walia@Wonderbotz.com,Nisarg.Kadam@Wonderbotz.com,Incrementing Line Number,"<p>Dear Team,<br /><br />Please find below Notification from <strong>InvoiceBotz Performer</strong>:<br /><br /><strong>Message</strong>: <strong>$Message<br /></strong><br /><strong>Process Cycle Code</strong>: $Process_Cycle_Code<br /><strong>MachineUser</strong>: $Machine_User<br /><strong>Date &amp; Time</strong>: $Date_Time</p>","<p><strong><br /><br /></strong><span style=""color: #999999;"">**This is an autogenerated email, please DO NOT REPLY.<br /><br /></span>Regards,<br />InvoiceBotz Team</p>",Kalyani.Raval@Wonderbotz.com,Manik.walia@Wonderbotz.com,Process Cycle Code,Environment Details,Date Time,,
90,Inactive,Process - DCR - Add Data Row,RPA Team,Info,Adding Updated Line To Updated Table Started,N,Manik.Walia@Wonderbotz.com,Nisarg.Kadam@Wonderbotz.com,Adding Updated Line To Updated Table Started,"<p>Dear Team,<br /><br />Please find below Notification from <strong>InvoiceBotz Performer</strong>:<br /><br /><strong>Message</strong>: <strong>$Message<br /></strong><br /><strong>Process Cycle Code</strong>: $Process_Cycle_Code<br /><strong>MachineUser</strong>: $Machine_User<br /><strong>Date &amp; Time</strong>: $Date_Time</p>","<p><strong><br /><br /></strong><span style=""color: #999999;"">**This is an autogenerated email, please DO NOT REPLY.<br /><br /></span>Regards,<br />InvoiceBotz Team</p>",Kalyani.Raval@Wonderbotz.com,Manik.walia@Wonderbotz.com,Process Cycle Code,Environment Details,Date Time,,
91,Inactive,Process - DCR - Add Data Row,RPA Team,Info,Adding Updated Line To Updated Table Completed,N,Manik.Walia@Wonderbotz.com,Nisarg.Kadam@Wonderbotz.com,Adding Updated Line To Updated Table Completed,"<p>Dear Team,<br /><br />Please find below Notification from <strong>InvoiceBotz Performer</strong>:<br /><br /><strong>Message</strong>: <strong>$Message<br /></strong><br /><strong>Process Cycle Code</strong>: $Process_Cycle_Code<br /><strong>MachineUser</strong>: $Machine_User<br /><strong>Date &amp; Time</strong>: $Date_Time</p>","<p><strong><br /><br /></strong><span style=""color: #999999;"">**This is an autogenerated email, please DO NOT REPLY.<br /><br /></span>Regards,<br />InvoiceBotz Team</p>",Kalyani.Raval@Wonderbotz.com,Manik.walia@Wonderbotz.com,Process Cycle Code,Environment Details,Date Time,,
92,Inactive,Process - DCR - Add Data Row,RPA Team,Info,Navigating to Next Line,N,Manik.Walia@Wonderbotz.com,Nisarg.Kadam@Wonderbotz.com,Navigating to Next Line,"<p>Dear Team,<br /><br />Please find below Notification from <strong>InvoiceBotz Performer</strong>:<br /><br /><strong>Message</strong>: <strong>$Message<br /></strong><br /><strong>Process Cycle Code</strong>: $Process_Cycle_Code<br /><strong>MachineUser</strong>: $Machine_User<br /><strong>Date &amp; Time</strong>: $Date_Time</p>","<p><strong><br /><br /></strong><span style=""color: #999999;"">**This is an autogenerated email, please DO NOT REPLY.<br /><br /></span>Regards,<br />InvoiceBotz Team</p>",Kalyani.Raval@Wonderbotz.com,Manik.walia@Wonderbotz.com,Process Cycle Code,Environment Details,Date Time,,
93,Inactive,Process - DCR - Add Data Row,RPA Team,Info,Navigating to Reporting,N,Manik.Walia@Wonderbotz.com,Nisarg.Kadam@Wonderbotz.com,Navigating to Reporting,"<p>Dear Team,<br /><br />Please find below Notification from <strong>InvoiceBotz Performer</strong>:<br /><br /><strong>Message</strong>: <strong>$Message<br /></strong><br /><strong>Process Cycle Code</strong>: $Process_Cycle_Code<br /><strong>MachineUser</strong>: $Machine_User<br /><strong>Date &amp; Time</strong>: $Date_Time</p>","<p><strong><br /><br /></strong><span style=""color: #999999;"">**This is an autogenerated email, please DO NOT REPLY.<br /><br /></span>Regards,<br />InvoiceBotz Team</p>",Kalyani.Raval@Wonderbotz.com,Manik.walia@Wonderbotz.com,Process Cycle Code,Environment Details,Date Time,,
94,Active,Process - DCR - Add Data Row,Business Team,Fatal,System Exception at Adding Updated Line To Updated Table,Y,Manik.Walia@Wonderbotz.com,Nisarg.Kadam@Wonderbotz.com,System Exception at Adding Updated Line To Updated Table,"<p>Dear Team,<br /><br />Please find below Notification from <strong>InvoiceBotz Performer</strong>:<br /><br /><strong>Message</strong>: <strong>$Message<br /></strong><br /><strong>Process Cycle Code</strong>: $Process_Cycle_Code<br /><strong>MachineUser</strong>: $Machine_User<br /><strong>Date &amp; Time</strong>: $Date_Time</p>","<p><strong><br /><br /></strong><span style=""color: #999999;"">**This is an autogenerated email, please DO NOT REPLY.<br /><br /></span>Regards,<br />InvoiceBotz Team</p>",Kalyani.Raval@Wonderbotz.com,Manik.walia@Wonderbotz.com,Process Cycle Code,Environment Details,Date Time,,
95,Active,Process - DCR - Add Data Row,Business Team,Warn,Business Exception at Adding Updated Line To Updated Table,Y,Manik.Walia@Wonderbotz.com,Nisarg.Kadam@Wonderbotz.com,Business Exception at Adding Updated Line To Updated Table,"<p>Dear Team,<br /><br />Please find below Notification from <strong>InvoiceBotz Performer</strong>:<br /><br /><strong>Message</strong>: <strong>$Message<br /></strong><br /><strong>Process Cycle Code</strong>: $Process_Cycle_Code<br /><strong>MachineUser</strong>: $Machine_User<br /><strong>Date &amp; Time</strong>: $Date_Time</p>","<p><strong><br /><br /></strong><span style=""color: #999999;"">**This is an autogenerated email, please DO NOT REPLY.<br /><br /></span>Regards,<br />InvoiceBotz Team</p>",Kalyani.Raval@Wonderbotz.com,Manik.walia@Wonderbotz.com,Process Cycle Code,Environment Details,Date Time,,
96,Inactive,Process - DCR - Send Report,RPA Team,Info,Generating DCR Run Report Started,N,Manik.Walia@Wonderbotz.com,Nisarg.Kadam@Wonderbotz.com,Generating DCR Run Report Started,"<p>Dear Team,<br /><br />Please find below Notification from <strong>InvoiceBotz Performer</strong>:<br /><br /><strong>Message</strong>: <strong>$Message<br /></strong><br /><strong>Process Cycle Code</strong>: $Process_Cycle_Code<br /><strong>MachineUser</strong>: $Machine_User<br /><strong>Date &amp; Time</strong>: $Date_Time</p>","<p><strong><br /><br /></strong><span style=""color: #999999;"">**This is an autogenerated email, please DO NOT REPLY.<br /><br /></span>Regards,<br />InvoiceBotz Team</p>",Kalyani.Raval@Wonderbotz.com,Manik.walia@Wonderbotz.com,Process Cycle Code,Environment Details,Date Time,,
97,Inactive,Process - DCR - Send Report,RPA Team,Info,Generating DCR Run Report Completed,N,Manik.Walia@Wonderbotz.com,Nisarg.Kadam@Wonderbotz.com,Generating DCR Run Report Completed,"<p>Dear Team,<br /><br />Please find below Notification from <strong>InvoiceBotz Performer</strong>:<br /><br /><strong>Message</strong>: <strong>$Message<br /></strong><br /><strong>Process Cycle Code</strong>: $Process_Cycle_Code<br /><strong>MachineUser</strong>: $Machine_User<br /><strong>Date &amp; Time</strong>: $Date_Time</p>","<p><strong><br /><br /></strong><span style=""color: #999999;"">**This is an autogenerated email, please DO NOT REPLY.<br /><br /></span>Regards,<br />InvoiceBotz Team</p>",Kalyani.Raval@Wonderbotz.com,Manik.walia@Wonderbotz.com,Process Cycle Code,Environment Details,Date Time,,
98,Active,Process - DCR,Business Team,Info,DCR Process Completed,N,Manik.Walia@Wonderbotz.com,Nisarg.Kadam@Wonderbotz.com,DCR Process Completed,"<p>Dear Team,<br /><br />Please find below Notification from <strong>InvoiceBotz Performer</strong>:<br /><br /><strong>Message</strong>: <strong>$Message<br /></strong><br /><strong>Process Cycle Code</strong>: $Process_Cycle_Code<br /><strong>MachineUser</strong>: $Machine_User<br /><strong>Date &amp; Time</strong>: $Date_Time</p>","<p><strong><br /><br /></strong><span style=""color: #999999;"">**This is an autogenerated email, please DO NOT REPLY.<br /><br /></span>Regards,<br />InvoiceBotz Team</p>",Kalyani.Raval@Wonderbotz.com,Manik.walia@Wonderbotz.com,Process Cycle Code,Environment Details,Date Time,Extraction Result File Path (Inactive),
99,Inactive,Process,RPA Team,Info,Each Invoice File Process Completed,N,Manik.Walia@Wonderbotz.com,Nisarg.Kadam@Wonderbotz.com,Each Invoice File Process Completed,"<p>Dear Team,<br /><br />Please find below Notification from <strong>InvoiceBotz Performer</strong>:<br /><br /><strong>Message</strong>: <strong>$Message<br /></strong><br /><strong>Process Cycle Code</strong>: $Process_Cycle_Code<br /><strong>MachineUser</strong>: $Machine_User<br /><strong>Date &amp; Time</strong>: $Date_Time</p>","<p><strong><br /><br /></strong><span style=""color: #999999;"">**This is an autogenerated email, please DO NOT REPLY.<br /><br /></span>Regards,<br />InvoiceBotz Team</p>",Kalyani.Raval@Wonderbotz.com,Manik.walia@Wonderbotz.com,Process Cycle Code,Environment Details,Date Time,,
100,Inactive,End Process,RPA Team,Info,InvoiceBotz Performer Process Completed,N,Manik.Walia@Wonderbotz.com,Nisarg.Kadam@Wonderbotz.com,InvoiceBotz Performer Process Completed,"<p>Dear Team,<br /><br />Please find below Notification from <strong>InvoiceBotz Performer</strong>:<br /><br /><strong>Message</strong>: <strong>$Message<br /></strong><br /><strong>Process Cycle Code</strong>: $Process_Cycle_Code<br /><strong>MachineUser</strong>: $Machine_User<br /><strong>Date &amp; Time</strong>: $Date_Time</p>","<p><strong><br /><br /></strong><span style=""color: #999999;"">**This is an autogenerated email, please DO NOT REPLY.<br /><br /></span>Regards,<br />InvoiceBotz Team</p>",Kalyani.Raval@Wonderbotz.com,Manik.walia@Wonderbotz.com,Process Cycle Code,Environment Details,Date Time,,
101,Active,End Process,Business Team,Info,Process Output - List of Invoice Files Excuted,Y,Manik.Walia@Wonderbotz.com,Nisarg.Kadam@Wonderbotz.com,Process Output - List of Invoice Files Excuted,"<p>Dear Team,<br /><br />Please find below Notification from <strong>InvoiceBotz Performer</strong>:<br /><br /><strong>Message</strong>: <strong>$Message<br /></strong><br /><strong>Process Cycle Code</strong>: $Process_Cycle_Code<br /><strong>MachineUser</strong>: $Machine_User<br /><strong>Date &amp; Time</strong>: $Date_Time</p>","<p><strong><br /><br /></strong><span style=""color: #999999;"">**This is an autogenerated email, please DO NOT REPLY.<br /><br /></span>Regards,<br />InvoiceBotz Team</p>",Kalyani.Raval@Wonderbotz.com,Manik.walia@Wonderbotz.com,Process Cycle Code,Environment Details,Date Time,,
